time,id,parent,label,cellType,divideFlag,cellAge,growthRate,LifeHistory,startVol,targetVol,pos,radius,length,dir,ends0,ends1,strainRate,strainRate_rolling
89.0,756.0,636.0,1.0,1.0,0.0,4.0,0.094,4.0,3.6842234571496935,5.370700002654649,13.797548620042534,0.42234894102988696,5.370700002654649,-2.0408001278157046,9.875844308925053,18.46351082724456,0.11660427903811424,0.10082869818592924
89.0,755.0,705.0,1.0,1.0,0.0,4.0,0.04,4.0,3.8539824723392853,4.524983311708515,14.501113416036734,0.39722596839283403,4.524983311708515,-2.018431851807715,10.74683956634361,18.601638849501235,0.08305772224257417,0.04157775333237469
89.0,1059.0,936.0,1.0,1.0,0.0,1.0,0.0,1.0,5.621168121198642,5.621168121198642,52.04634157655599,0.44578181684081447,5.621168121198642,-2.686547632914903,46.611488638838836,57.517019498336644,0.0,0.0
89.0,1060.0,936.0,1.0,1.0,0.0,1.0,0.0,1.0,7.368625552529221,7.368625552529221,52.367422976119066,0.5074020905024467,7.368625552529221,-2.5726462150896605,45.62567831280817,59.25862588587796,0.0,0.0
89.0,1061.0,938.0,1.0,1.0,0.0,1.0,0.0,1.0,4.2661397472854725,4.2661397472854725,43.670140341281254,0.48361522448922034,4.2661397472854725,-0.26679386638118957,47.429552855601926,40.0124946417841,0.0,0.0
89.0,707.0,664.0,1.0,1.0,0.0,5.0,0.087,5.0,5.078807975436443,7.834832169931128,49.17053801956198,0.4696536964662546,7.834832169931128,-2.8583780551874516,41.34948801181431,56.995373932356834,0.49289266734626225,0.10760676385459104
89.0,1062.0,938.0,1.0,1.0,0.0,1.0,0.0,1.0,4.1688833373981735,4.1688833373981735,40.07228264705001,0.4743538667584415,4.1688833373981735,-0.24200785874863698,43.72093214064364,36.535119301913284,0.0,0.0
89.0,940.0,706.0,1.0,1.0,0.0,2.0,0.019,2.0,4.136769918256325,4.295956395141984,44.6304514072822,0.4293744189498947,4.295956395141984,-0.2921749375240308,48.3157211030707,41.06404708042993,0.03848086309638345,0.019240431548191723
89.0,941.0,663.0,1.0,1.0,0.0,2.0,0.036,2.0,5.877095147160598,6.310109193172015,57.280972901303116,0.49974254882900426,6.310109193172015,-0.13145031758874218,63.247492639283905,51.39658883566963,0.0736782432764627,0.03683912163823135
89.0,942.0,829.0,1.0,1.0,0.0,2.0,0.032,2.0,3.8886084891062276,4.148666739504473,18.064457738528162,0.3891580334857175,4.148666739504473,-1.6448060874281567,15.238893063308183,21.32717225536801,0.06687694354594652,0.03343847177297326
89.0,937.0,714.0,1.0,1.0,0.0,2.0,0.036,2.0,4.278491718952042,4.600450482854529,20.740505914978712,0.4165808572026765,4.600450482854529,-2.4063229661737373,16.18290172006162,25.313615949282188,0.07525052870298575,0.037625264351492875
89.0,1063.0,831.0,1.0,1.0,0.0,1.0,0.0,1.0,4.9129690130084915,4.9129690130084915,40.57039689319185,0.3950093478136248,4.9129690130084915,-0.10021950181382601,45.102161902195704,36.13839687833305,0.0,0.0
89.0,1064.0,709.0,1.0,1.0,0.0,1.0,0.0,1.0,4.568923482198925,4.568923482198925,49.14231046653458,0.5122615428449201,4.568923482198925,-2.02224945866814,46.21882553900893,52.30204245864192,0.0,0.0
89.0,939.0,829.0,1.0,1.0,0.0,2.0,0.033,2.0,3.7780820174779497,4.036620999379454,16.98788406385867,0.34654654653311784,4.036620999379454,-1.6193923465046298,14.196906404601396,20.204278672064905,0.06843127827968419,0.034215639139842095
89.0,1220.0,714.0,1.0,1.0,0.0,2.0,0.09,2.0,6.404835629391449,7.661846140731448,18.63542111747802,0.4876561386501156,7.661846140731448,-1.5620349419887416,15.091932274042048,24.170212933602848,0.19625960509769302,0.09812980254884651
89.0,594.0,543.0,1.0,1.0,0.0,8.0,0.076,8.0,4.01108407784844,7.360029779674199,51.62644355749917,0.5720919611262141,7.360029779674199,-1.3257972247582879,51.70297855374528,52.59012677468684,0.0671379424532619,0.09354970532960606
89.0,1065.0,832.0,1.0,1.0,0.0,1.0,0.0,1.0,4.098009032235702,4.098009032235702,44.63431317583368,0.5129736243986143,4.098009032235702,-2.9849066912464637,40.59153264708903,48.68632928013443,0.0,0.0
89.0,1066.0,708.0,1.0,1.0,0.0,1.0,0.0,5.0,3.7490385928129473,3.7490385928129473,47.45877304031188,0.4761008878873405,3.7490385928129473,-2.4003607723670255,44.111750747542374,50.86191407832745,0.0,0.0
89.0,1067.0,831.0,1.0,1.0,0.0,1.0,0.0,1.0,2.989632638832775,2.989632638832775,39.402093852992124,0.32651519291825337,2.989632638832775,-3.078557116289843,36.555577177753776,42.26837569426622,0.0,0.0
89.0,1068.0,832.0,1.0,1.0,0.0,1.0,0.0,1.0,2.9031976838356455,2.9031976838356455,42.23711024537348,0.40324659873887553,2.9031976838356455,-2.746240285652701,39.337646099085106,45.137054364741815,0.0,0.0
89.0,1069.0,944.0,1.0,1.0,0.0,1.0,0.0,1.0,3.6689753949458472,3.6689753949458472,57.96762322242488,0.4582258212342694,3.6689753949458472,-0.6596851787798603,60.27489259282226,55.806368524884334,0.0,0.0
89.0,665.0,587.0,1.0,1.0,0.0,6.0,0.07,6.0,4.0837302564932285,6.217198932700277,54.94749455724076,0.5074101226645819,6.217198932700277,-0.18705680743650469,60.6131306257855,49.41467228582022,0.06890691473307373,0.08835798839844158
89.0,1070.0,711.0,1.0,1.0,0.0,1.0,0.0,1.0,3.5173282468908327,3.5173282468908327,39.525848606241524,0.39183625858011295,3.5173282468908327,-0.0029626537111391207,42.793065339803086,36.30540140121227,0.0,0.0
89.0,1071.0,943.0,1.0,1.0,0.0,1.0,0.0,1.0,2.512465833714358,2.512465833714358,46.54629102089287,0.3624246845800294,2.512465833714358,-3.0622130386097055,44.118584753675684,48.982546524932786,0.0,0.0
89.0,834.0,713.0,1.0,1.0,0.0,3.0,0.037,3.0,3.9858103125738324,4.452160877349161,20.552957293968976,0.36072320492212395,4.452160877349161,-2.6347647694557756,16.442269768505625,24.78191568201918,0.04146040110972801,0.03799845673750112
89.0,1072.0,711.0,1.0,1.0,0.0,1.0,0.0,1.0,2.976300854317979,2.976300854317979,42.62693604535245,0.4054711292251166,2.976300854317979,-2.9142116030122627,39.68580927417638,45.57263026240268,0.0,0.0
89.0,1073.0,943.0,1.0,1.0,0.0,1.0,0.0,1.0,2.6949652874246763,2.6949652874246763,49.03609520848505,0.3391807061188086,2.6949652874246763,-2.6899864308347787,46.36207544365305,51.712289670339416,0.0,0.0
89.0,839.0,637.0,1.0,1.0,0.0,3.0,0.256,3.0,2.9188597124845277,6.297532912860241,54.5040271963762,0.44461799202951535,6.297532912860241,-1.2676772939460421,54.63554589336584,55.09675968473702,0.0893392197260936,0.35664231591924295
89.0,1074.0,592.0,1.0,1.0,0.0,1.0,0.0,1.0,4.246931255906509,4.246931255906509,23.744493558212604,0.3284639141535778,4.246931255906509,-2.6474715417041828,19.690198194187655,27.85625412596605,0.0,0.0
89.0,1075.0,944.0,1.0,1.0,0.0,1.0,0.0,1.0,3.411346631583897,3.411346631583897,56.05953295199593,0.4438454513603348,3.411346631583897,-0.9287380391256751,57.26735657409562,55.03695951166688,0.0,0.0
89.0,833.0,712.0,1.0,1.0,0.0,3.0,-0.003,3.0,3.6310058199050164,3.602554680356079,46.12404710975165,0.38299037811061015,3.602554680356079,-2.8075285008915496,42.52275921537784,49.725518526467766,-0.2563617416994386,0.025947084532676485
89.0,1214.0,636.0,1.0,1.0,0.0,4.0,0.074,4.0,3.7045039227840055,4.986484030684799,22.37222299057472,0.44605346420734104,4.986484030684799,-2.626171997416944,17.819069360460762,27.078469974938344,0.13233414995544077,0.07825421739773261
89.0,589.0,1204.0,1.0,1.0,0.0,8.0,0.056,10.0,4.6727127148194665,7.303088968121924,24.548886280819442,0.46903587519251494,7.303088968121924,-2.643005854473529,17.475610820639044,31.726469684718808,0.0978760356091027,0.06598047548424885
89.0,586.0,348.0,1.0,1.0,0.0,8.0,0.004,8.0,5.060908920055611,5.22599988793354,44.58027892998826,0.3853951097347176,5.22599988793354,-3.026012869040573,39.58167598588761,49.62575555854724,0.6257762008456127,0.04484619715485582
89.0,635.0,538.0,1.0,1.0,0.0,7.0,-0.056,7.0,4.006233674443033,2.6982210425703332,41.13355842595028,0.3971155424059692,2.6982210425703332,-2.439735501058064,38.547864077033246,43.73285065313989,-0.5635268893197618,0.040797783092887896
89.0,1076.0,709.0,1.0,1.0,0.0,1.0,0.0,1.0,3.189486893104016,3.189486893104016,49.538265169630805,0.34879682376983934,3.189486893104016,-2.6694151321837003,46.372379794248424,52.706996476121255,0.0,0.0
89.0,1077.0,946.0,1.0,1.0,0.0,1.0,0.0,1.0,3.594242686086056,3.594242686086056,37.59836122329916,0.3821444091617779,3.594242686086056,-2.396614823090297,34.13531978634052,41.083946224925946,0.0,0.0
89.0,948.0,548.0,1.0,1.0,0.0,2.0,0.056,2.0,5.660571507372677,6.3295291617865,57.329983475208024,0.4762374850186419,6.3295291617865,-0.8051558122611168,60.34526347241424,54.88195573956863,0.11817846546811232,0.05908923273405616
89.0,281.0,135.0,1.0,1.0,0.0,16.0,-0.02,16.0,5.464444334283455,3.9880214521110156,37.31700006997109,0.3728274875685788,3.9880214521110156,-2.392183470748488,33.44867151443435,41.2081544426453,0.0821393900556579,0.0035448643159573857
89.0,841.0,637.0,1.0,1.0,0.0,3.0,0.083,3.0,5.270045861771119,6.7559811284793625,53.107301051130285,0.4244826065839372,6.7559811284793625,-1.3669170661791106,52.572701898094465,54.4808996531959,0.09605386648213017,0.08855557548305137
89.0,949.0,474.0,1.0,1.0,0.0,2.0,0.254,2.0,3.1201536003214407,5.189865137686745,50.144034769855246,0.45080328264447367,5.189865137686745,-2.640098812938497,44.99564554305432,55.30017837638024,0.6633364258580349,0.33166821292901744
89.0,758.0,715.0,1.0,1.0,0.0,4.0,-0.068,4.0,3.7939574547922983,2.887157250220615,25.204382574784386,0.31032338389507386,2.887157250220615,-2.6083603732519496,22.431366991601514,28.000480903285972,-0.32588178806784157,-0.050057539185253866
89.0,945.0,351.0,1.0,1.0,0.0,2.0,0.051,2.0,3.603789127944452,3.9943889449286227,40.42629195184254,0.43056694914332083,3.9943889449286227,-2.31960783166606,36.7352657816119,44.170133529255814,0.1083858691829073,0.05419293459145365
89.0,666.0,550.0,1.0,1.0,0.0,6.0,0.054,6.0,5.200127653311228,7.210673687482278,19.868671865850434,0.5505087822085594,7.210673687482278,-1.8716364352222512,13.123883021519793,26.856648486321518,0.07950624233902102,0.06776288688319869
89.0,1223.0,952.0,1.0,1.0,0.0,1.0,0.0,1.0,2.7891190351469493,2.7891190351469493,43.88011837356955,0.3413877746597753,2.7891190351469493,-2.399664234208019,41.225164097579366,46.55076575169354,0.0,0.0
89.0,1078.0,716.0,1.0,1.0,0.0,1.0,0.0,1.0,2.862653372362445,2.862653372362445,23.816569076378293,0.39428797050336,2.862653372362445,-2.541194139297017,21.11975997614087,26.54813048692115,0.0,0.0
89.0,1079.0,592.0,1.0,1.0,0.0,1.0,0.0,1.0,2.450972765121587,2.450972765121587,27.412517441854913,0.3510058776688225,2.450972765121587,-2.503560546748587,24.975488870252534,29.851829352363435,0.0,0.0
89.0,837.0,588.0,1.0,1.0,0.0,3.0,0.195,3.0,3.1285857618051955,5.60748394674927,46.818699704284825,0.37737904914992765,5.60748394674927,-2.8828043759345343,41.283812955603636,52.36903497557344,0.17489885484528958,0.23347481121839211
89.0,950.0,311.0,1.0,1.0,0.0,2.0,0.017,2.0,3.13164516368254,3.2420978178643174,34.61305862019365,0.4285068936612102,3.2420978178643174,-2.8386704136181424,31.502677355666282,37.745613917856936,0.03526984968242524,0.01763492484121262
89.0,760.0,715.0,1.0,1.0,0.0,4.0,0.057,4.0,4.086239234154022,5.125876888207814,27.46728910918789,0.3859707338151413,5.125876888207814,-2.5139694342178696,22.46622200225656,32.50726132277022,0.17328788010616855,0.06046900648728122
89.0,951.0,311.0,1.0,1.0,0.0,2.0,0.07,2.0,2.76698836002968,3.1842354431297877,37.31835030694684,0.3295525340200107,3.1842354431297877,-2.3792913814243373,34.212241902979095,40.43661402677786,0.15079466510499967,0.07539733255249984
89.0,478.0,215.0,1.0,1.0,0.0,10.0,0.031,10.0,2.8345197853414104,3.8685249005320856,44.24738059997657,0.43980946479986005,3.8685249005320856,-2.382612407199478,40.55088994282464,47.97100868832512,0.051413826700415936,0.045593250335723735
89.0,472.0,313.0,1.0,1.0,0.0,10.0,0.062,10.0,4.2589422639118375,7.888698065187956,30.569863865072982,0.48191850094154925,7.888698065187956,-0.3406283020089413,35.3295769335805,27.300499289936198,0.11391119193162735,0.07106941794152175
89.0,1080.0,314.0,1.0,1.0,0.0,1.0,0.0,1.0,2.5008212548472812,2.5008212548472812,33.4993961337104,0.41766864887746646,2.5008212548472812,-2.9589368007646746,31.255954638504335,35.776984168312076,0.0,0.0
89.0,1081.0,486.0,1.0,1.0,0.0,1.0,0.0,1.0,6.1806654294823495,6.1806654294823495,24.097223063977417,0.46887233048555743,6.1806654294823495,-2.3073985422082925,18.137959769746992,30.145778883346278,0.0,0.0
89.0,1082.0,955.0,1.0,1.0,0.0,1.0,0.0,1.0,3.0442570651874443,3.0442570651874443,59.044965401630805,0.5090300690042867,3.0442570651874443,-2.8495750177991317,56.00507935246983,62.08527979675217,0.0,0.0
89.0,1083.0,716.0,1.0,1.0,0.0,1.0,0.0,1.0,2.7406215328330266,2.7406215328330266,26.460480485515976,0.39735975323191375,2.7406215328330266,-2.5973022246361634,23.893695316186324,29.059032880645827,0.0,0.0
89.0,836.0,380.0,1.0,1.0,0.0,3.0,0.038,3.0,4.596160766761919,5.150008683670615,41.13296574660172,0.32845729567916326,5.150008683670615,-2.3796554630751894,36.205136164807065,46.10938121894249,0.03999356910434242,0.0391354278197646
89.0,1084.0,314.0,1.0,1.0,0.0,1.0,0.0,1.0,3.046764316722474,3.046764316722474,36.47330555926704,0.41949502675175593,3.046764316722474,-2.9662171669419517,33.713509845906536,39.27555010833825,0.0,0.0
89.0,1085.0,955.0,1.0,1.0,0.0,1.0,0.0,1.0,3.7461981378614144,3.7461981378614144,62.47137452985967,0.5707010408006242,3.7461981378614144,-3.0265031390650594,58.82320749816971,66.1305037929056,0.0,0.0
89.0,1086.0,434.0,1.0,1.0,0.0,1.0,0.0,1.0,3.3581062066296568,3.3581062066296568,31.336857503939704,0.4389667269394741,3.3581062066296568,-0.14794665969005338,33.57971325352977,29.307915122798665,0.0,0.0
89.0,1087.0,434.0,1.0,1.0,0.0,1.0,0.0,1.0,3.9093740506795447,3.9093740506795447,33.958784116530424,0.4108245489953084,3.9093740506795447,-3.1096645496831057,30.884132198854886,37.19052065521732,0.0,0.0
89.0,1088.0,952.0,1.0,1.0,0.0,1.0,0.0,1.0,4.164596795096243,4.164596795096243,47.69720141678431,0.40244667518713106,4.164596795096243,-2.8421526419358827,43.58719019416697,51.815930271447876,0.0,0.0
89.0,1089.0,761.0,1.0,1.0,0.0,1.0,0.0,1.0,3.427774277263406,3.427774277263406,57.04023764949714,0.4227557587879668,3.427774277263406,-3.013951681872134,53.72348225784192,60.36939745686803,0.0,0.0
89.0,1090.0,946.0,1.0,1.0,0.0,1.0,0.0,1.0,3.718342462586787,3.718342462586787,41.18443302538898,0.3510920732874895,3.718342462586787,-2.2763633865896438,37.710753028777944,44.69749763226313,0.0,0.0
89.0,593.0,539.0,1.0,1.0,0.0,8.0,0.055,8.0,3.5469237406048597,5.519247379878124,52.339318592901364,0.3890368945379493,5.519247379878124,-2.3965779388235378,47.15123414569238,57.58900800810114,0.15400742013316343,0.07630725072811503
89.0,842.0,433.0,1.0,1.0,0.0,3.0,0.041,3.0,3.1088058986016676,3.5106334738913874,38.892650456809385,0.41921943034179565,3.5106334738913874,-0.10435116324547529,41.65262304745482,36.262716488891996,0.06838013293505421,0.04178615039196026
89.0,953.0,431.0,1.0,1.0,0.0,2.0,0.036,2.0,2.8890600207942145,3.105543264658446,40.886726623836886,0.3909000639937667,3.105543264658446,-2.3200511604172487,37.908430870924775,43.882667362711594,0.07493206866803671,0.03746603433401836
89.0,958.0,843.0,1.0,1.0,0.0,2.0,0.033,2.0,2.78654422349453,2.976981457427206,60.486952014371816,0.33955826585080523,2.976981457427206,-2.795251245279233,57.51050362694123,63.46345040847644,0.06834172317346318,0.03417086158673159
89.0,954.0,351.0,1.0,1.0,0.0,2.0,0.045,2.0,4.2960995691284785,4.696085760474108,45.166064323398636,0.40672561854295197,4.696085760474108,-2.7772479218458597,40.525226587907966,49.817257911982054,0.09310449744226293,0.046552248721131465
89.0,844.0,433.0,1.0,1.0,0.0,3.0,0.042,3.0,3.020197022973626,3.42153522482313,36.31742316031224,0.44620142198852436,3.42153522482313,-0.0027029552616304998,39.08454198518584,33.670800917234274,0.10153287366174116,0.04333164654955581
89.0,956.0,476.0,1.0,1.0,0.0,2.0,-0.108,2.0,5.166388585437546,4.163663246236852,51.92312848817952,0.4095181229006847,4.163663246236852,-2.708346769602838,47.75969381996674,56.08659709305921,-0.19408631825083136,-0.09704315912541568
89.0,1091.0,761.0,1.0,1.0,0.0,1.0,0.0,1.0,3.0865707267100757,3.0865707267100757,55.89617128259044,0.4605442648640617,3.0865707267100757,-2.9970751117162058,52.919290368045,58.884348283307695,0.0,0.0
89.0,848.0,644.0,1.0,1.0,0.0,3.0,-0.192,3.0,5.938342685793338,3.333433317221045,58.96551759503176,0.3999632231970502,3.333433317221045,-3.0655798026861096,55.80349918406796,62.14545489956965,-0.4782264658469262,-0.13413147934252068
89.0,959.0,438.0,1.0,1.0,0.0,2.0,0.059,2.0,2.8820213374203707,3.2415916435522067,30.141237189014543,0.3757933212692512,3.2415916435522067,-2.613475315634176,27.080985414058297,33.23589054530544,0.124763235255461,0.0623816176277305
89.0,1092.0,718.0,1.0,1.0,0.0,1.0,0.0,1.0,4.526576564437906,4.526576564437906,35.101330952841344,0.38860270987061307,4.526576564437906,-2.6099304193142245,30.655306332478315,39.56562717525336,0.0,0.0
89.0,764.0,667.0,1.0,1.0,0.0,4.0,0.068,4.0,5.449836556400157,7.163360658954585,64.01042194700594,0.5538914366296553,7.163360658954585,-0.1668746056563856,70.2851691952486,57.9421323280674,0.06767403285841564,0.07222338509653287
89.0,766.0,598.0,1.0,1.0,0.0,4.0,0.048,4.0,3.2240973407171185,3.913831804809164,29.024619345173697,0.33876082228869614,3.913831804809164,-2.5120584655883924,25.273855911967622,32.81349451671116,-0.041810830499125526,0.05457799463257934
89.0,668.0,550.0,1.0,1.0,0.0,6.0,0.013,6.0,4.463588837058687,4.833681497331799,27.050171907965396,0.39165505668869954,4.833681497331799,-2.2728573265903083,22.237255788446674,31.86937415663274,-0.19013496808328942,0.022398097028053003
89.0,957.0,845.0,1.0,1.0,0.0,2.0,0.063,2.0,4.0280792933239,4.566398713573729,49.16088019466666,0.44673878010665147,4.566398713573729,-2.861253061576413,44.69018481474556,53.64769947234717,0.13364171384164025,0.06682085692082013
89.0,762.0,434.0,1.0,1.0,0.0,4.0,0.076,4.0,3.6018000854802463,4.880265480171498,33.985995346408316,0.3034170071086223,4.880265480171498,-2.4778627500852997,29.125496891914686,38.8514500692722,0.22179734164071985,0.08218451477335195
89.0,1222.0,486.0,1.0,1.0,0.0,1.0,0.0,1.0,6.522678318563713,6.522678318563713,26.035016570643943,0.4095236631306412,6.522678318563713,-2.1685838849860244,19.515922739265225,32.55554638149024,0.0,0.0
89.0,847.0,382.0,1.0,1.0,0.0,3.0,0.044,3.0,2.9776427937596375,3.394161165925673,39.96595620029719,0.3797994290321212,3.394161165925673,-2.8352788820288195,36.75371466807604,43.20602305404138,0.05832758257478033,0.04512907058933575
89.0,553.0,490.0,1.0,1.0,0.0,9.0,0.052,9.0,3.8614158622463792,6.149753164738824,28.29719556892067,0.5452488683672059,6.149753164738824,-2.547947422127727,23.00251268962586,33.88194050035386,0.05783565446928209,0.060078375696383156
89.0,545.0,352.0,1.0,1.0,0.0,9.0,0.101,9.0,2.669169669314626,6.634680190636729,46.00255293024207,0.42453935214797933,6.634680190636729,-2.838736691866303,39.57058071909295,52.485015539840035,0.10785801822720073,0.13992485213722233
89.0,719.0,645.0,1.0,1.0,0.0,5.0,0.052,5.0,4.949987040393165,6.410307392787285,57.18622321445548,0.4713253533251607,6.410307392787285,-0.09331327156014399,62.82844392158522,51.72329230819827,0.06448993501913769,0.05342656969735443
89.0,960.0,438.0,1.0,1.0,0.0,2.0,0.022,2.0,2.899859163764909,3.028927030008384,33.44423842765399,0.3546043409885455,3.028927030008384,-2.5618096208523395,30.511048204241657,36.39311615396803,0.0445083222855228,0.0222541611427614
89.0,542.0,283.0,1.0,1.0,0.0,9.0,0.062,9.0,3.556883044210413,6.23983442489579,43.145676134100135,0.3931533201902441,6.23983442489579,-2.7885176171369497,37.0831537614354,49.25250767771409,0.12714017621490936,0.07314735494940078
89.0,1093.0,549.0,1.0,1.0,0.0,1.0,0.0,1.0,3.1775786563368627,3.1775786563368627,50.13649574098366,0.40912909283363713,3.1775786563368627,-0.3529642057040879,52.26270832874883,48.12628949700868,0.0,0.0
89.0,846.0,644.0,1.0,1.0,0.0,3.0,0.01,3.0,4.766407455364786,4.910368989991575,53.93467780613906,0.361224419113826,4.910368989991575,-2.597689607272922,49.04053823676669,58.83152213556967,0.23881731013359012,0.023473213770261736
89.0,857.0,783.0,1.0,1.0,0.0,3.0,0.052,3.0,6.784790769498338,7.932251245550208,32.691208098628685,0.3850466151529105,7.932251245550208,-1.719110350694487,25.7418261900895,40.007871449753225,0.08085464277276674,0.05417315827766314
89.0,850.0,382.0,1.0,1.0,0.0,3.0,0.052,3.0,2.974355228645847,3.4779482566702593,43.62676851022168,0.35656646572120876,3.4779482566702593,-2.791912726421321,40.266187743124796,47.004427813521126,0.13369309847636088,0.05503708988172821
89.0,961.0,767.0,1.0,1.0,0.0,2.0,0.038,2.0,3.8717273015861653,4.173750511267021,60.42667127006223,0.3627742115718736,4.173750511267021,-0.13190123323586986,64.02128215279433,56.91116779449557,0.07800735593054886,0.03900367796527443
89.0,599.0,285.0,1.0,1.0,0.0,8.0,0.07,8.0,3.9882195187202707,6.968192139979633,33.521943796210394,0.39930756797786343,6.968192139979633,-2.524000899204981,26.675978180647586,40.40971446641932,0.12227085707741239,0.08366806630266185
89.0,546.0,233.0,1.0,1.0,0.0,9.0,0.072,9.0,4.011286042776047,7.688464263433296,40.39029315623046,0.36926331160722053,7.688464263433296,-2.7565424608263545,33.0289548255227,47.85462016447563,0.1261939529098359,0.08566649181557924
89.0,1094.0,549.0,1.0,1.0,0.0,1.0,0.0,1.0,3.3838853209230617,3.3838853209230617,47.562158129133884,0.3795359398857399,3.3838853209230617,-3.117576614895684,44.674213404850455,50.51171931531997,0.0,0.0
89.0,849.0,482.0,1.0,1.0,0.0,3.0,0.072,3.0,3.597754510866615,4.463858217332702,53.777279279855804,0.34182683856309404,4.463858217332702,-2.5736287551431283,49.328644237438944,58.22824444848303,-0.021085381753312326,0.08212466786030921
89.0,1095.0,768.0,1.0,1.0,0.0,1.0,0.0,1.0,3.3171643025319146,3.3171643025319146,64.26717956710519,0.5408428003146525,3.3171643025319146,-2.766312924680203,60.950933076690454,67.5835161420436,0.0,0.0
89.0,197.0,98.0,1.0,1.0,0.0,21.0,-0.019,21.0,4.3914850506387255,2.9236160095530215,37.65487377987735,0.34482102868204567,2.9236160095530215,-2.6146702375383915,34.79491436488436,40.52391928528115,-0.32868054297021915,0.0002911521691599167
89.0,962.0,552.0,1.0,1.0,0.0,2.0,0.047,2.0,3.4649217834985855,3.806406324403016,51.018271415652755,0.32002153333195,3.806406324403016,-0.24417836258216666,53.81879909823843,48.35537569204465,0.09855476176424052,0.04927738088212026
89.0,488.0,284.0,1.0,1.0,0.0,10.0,-0.037,10.0,6.615129761999676,4.57148526908982,57.184357837888,0.3979139685941915,4.57148526908982,-0.6620106088403206,59.28525419940928,55.38192080729668,0.04695828652362953,-0.3988508097833729
89.0,1096.0,718.0,1.0,1.0,0.0,1.0,0.0,1.0,4.974714064210113,4.974714064210113,39.80267434641076,0.3750325736294425,4.974714064210113,-2.7724488341615428,35.10565593173474,44.56000731481996,0.0,0.0
89.0,964.0,851.0,1.0,1.0,0.0,2.0,0.048,2.0,4.247003500436365,4.678068683819106,61.50223053371707,0.38208571713430856,4.678068683819106,-0.12726657701617974,65.51702505647573,57.58764452740839,0.10149866449096423,0.050749332245482115
89.0,1097.0,768.0,1.0,1.0,0.0,1.0,0.0,1.0,3.7259068130759356,3.7259068130759356,67.51775728028886,0.4589091032749074,3.7259068130759356,-2.4503806203764973,63.956986020601235,71.09545554140624,0.0,0.0
89.0,551.0,233.0,1.0,1.0,0.0,9.0,0.073,9.0,3.5585180731103545,6.870317809648521,46.76179381864205,0.343507343881904,6.870317809648521,-3.0784595342016177,40.97845883879055,52.80624174359575,0.0793195894798605,0.08574724057473382
89.0,966.0,851.0,1.0,1.0,0.0,2.0,0.005,2.0,4.033035912343626,4.0775454879016495,58.31482026144052,0.3492354010244682,4.0775454879016495,-0.6012132623084399,60.360927066634936,56.48935972655753,0.011036245777478911,0.005518122888739456
89.0,860.0,783.0,1.0,1.0,0.0,3.0,0.051,3.0,5.848352405899455,6.816271708736964,33.538530295278996,0.3576038713161026,6.816271708736964,-1.7566235367117056,27.50127132544292,39.8279954835003,0.08015538371889096,0.0530564989242752
89.0,1098.0,722.0,1.0,1.0,0.0,1.0,0.0,1.0,4.163621710532264,4.163621710532264,43.94542311110217,0.38154401942392535,4.163621710532264,-2.919433731231081,40.204374638119845,47.75646737649387,0.0,0.0
89.0,1099.0,967.0,1.0,1.0,0.0,1.0,0.0,1.0,4.295461882349102,4.295461882349102,65.17782165862678,0.3737065469674866,4.295461882349102,-2.47750385744005,61.00572084377354,69.36498311269541,0.0,0.0
89.0,772.0,323.0,1.0,1.0,0.0,4.0,0.056,4.0,3.640633090166717,4.5603179405853576,51.38644890579972,0.36978097913661784,4.5603179405853576,-0.21913249710127466,54.7575097431577,48.21143420873486,0.09477546126852603,0.05861392996153167
89.0,1100.0,968.0,1.0,1.0,0.0,1.0,0.0,1.0,3.9841027061421523,3.9841027061421523,61.569353359727174,0.372332294494503,3.9841027061421523,-0.15474202713366064,64.88200875477683,58.34073735359484,0.0,0.0
89.0,673.0,559.0,1.0,1.0,0.0,6.0,-0.004,6.0,4.708268391639198,4.591071498337747,33.9620782303894,0.3591492357713532,4.591071498337747,-1.9787674764682013,29.583716430870265,38.3901694786274,0.0332207031310381,-0.002843197405739148
89.0,1101.0,722.0,1.0,1.0,0.0,1.0,0.0,1.0,4.385183926233361,4.385183926233361,47.796505516696,0.3850661515482004,4.385183926233361,-3.0926148308034715,44.14141429946535,51.56556117208315,0.0,0.0
89.0,765.0,480.0,1.0,1.0,0.0,4.0,0.013,4.0,3.963677247378667,4.17824885044947,54.870919138258365,0.39364862576510656,4.17824885044947,-2.515902383705902,50.72151811625138,59.02439039117579,-0.027215359715563273,0.013719633036988414
89.0,602.0,442.0,1.0,1.0,0.0,8.0,0.072,8.0,3.349187329251918,5.967241994802816,39.54579314810349,0.3219540530936657,5.967241994802816,-2.6992831072547974,33.896625161396464,45.276641528961036,0.12433392105127311,0.08719730747931456
89.0,852.0,493.0,1.0,1.0,0.0,3.0,0.059,3.0,3.228809151796505,3.851197722574464,42.97463836398435,0.41900636378048056,3.851197722574464,-2.701188483871461,39.26022067264623,46.71121498700625,0.09576179672825057,0.06142799470617439
89.0,1102.0,968.0,1.0,1.0,0.0,1.0,0.0,1.0,3.010968127139528,3.010968127139528,58.992788431919074,0.3267780119162595,3.010968127139528,-0.5714981121836197,60.51266171302594,57.590344715729174,0.0,0.0
89.0,770.0,605.0,1.0,1.0,0.0,4.0,0.011,4.0,5.376490280100934,5.621676804414441,34.131160572629256,0.377289462175734,5.621676804414441,-1.7694915315962045,29.174178589807298,39.26762085823148,0.13704581497156143,0.013832898773920799
89.0,675.0,565.0,1.0,1.0,0.0,6.0,0.077,6.0,3.1470093440552187,4.99981850844983,36.05443747589366,0.37231023104479327,4.99981850844983,-1.9895587966028832,31.292686926317312,40.873084524814296,0.10200614707628718,0.09789387074077502
89.0,969.0,496.0,1.0,1.0,0.0,2.0,0.025,2.0,3.7073636519069666,3.8950734508449303,53.06045549848167,0.39516241872195507,3.8950734508449303,-0.18535209921723647,56.00746955743802,50.24271512926343,0.05063161226210191,0.025315806131050955
89.0,963.0,861.0,1.0,1.0,0.0,2.0,0.025,2.0,4.512536194209406,4.744934570736826,70.15613202905224,0.47993080327313964,4.744934570736826,-2.244365463822954,66.03002291207429,74.35610670918504,0.05150061218913633,0.025750306094568166
89.0,554.0,358.0,1.0,1.0,0.0,9.0,-0.012,8.0,3.7186492606230415,3.3308554555696146,36.85113926040989,0.34107377945498296,3.3308554555696146,-1.9459552633302537,33.7517212775775,39.98779109319197,0.10203544479408595,-0.604476478407039
89.0,855.0,493.0,1.0,1.0,0.0,3.0,0.046,3.0,4.0705829329297245,4.666163255103487,46.73135486222264,0.4134990097808826,4.666163255103487,-2.997342157526067,42.71541715250091,50.858414751664704,0.09303625217749176,0.047259493734645476
89.0,557.0,499.0,1.0,1.0,0.0,9.0,0.01,9.0,3.768510506350381,4.1205364834377525,62.448829498860725,0.3732983539389093,4.1205364834377525,-0.5268146943132369,64.7799296900198,60.30945997714064,0.09042309421863276,0.022599869721985404
89.0,971.0,496.0,1.0,1.0,0.0,2.0,0.023,2.0,3.2157804393962723,3.368378078116123,50.09326042582946,0.3866172522985154,3.368378078116123,-0.20615018778498284,52.46786404359884,47.83810891576546,0.04745275419005267,0.023726377095026334
89.0,1103.0,681.0,1.0,1.0,0.0,1.0,0.0,1.0,3.1860984527745604,3.1860984527745604,36.968268401519445,0.36547667311992865,3.1860984527745604,-1.4826143492456787,34.646358340696416,39.41114103452428,0.0,0.0
89.0,440.0,218.0,1.0,1.0,0.0,11.0,0.061,11.0,3.2149158142094554,6.306442722511609,38.8956243338502,0.4005558224768309,6.306442722511609,-2.183651215440904,32.66677779833488,45.146021447508026,0.056310921964254405,0.07111148483914155
89.0,858.0,287.0,1.0,1.0,0.0,3.0,0.052,3.0,4.35607143334313,5.089876963101299,40.38561585182505,0.4360745799926091,5.089876963101299,-2.655454199569351,35.52803785859645,45.294239770411444,0.05672267261999305,0.0541527350839417
89.0,859.0,498.0,1.0,1.0,0.0,3.0,0.064,3.0,3.369511726589157,4.076768415447591,60.01666769835795,0.38296634588473355,4.076768415447591,-0.5191856403301411,62.24182371174596,57.99307084206324,0.12066069423120367,0.06676355291564728
89.0,1104.0,603.0,1.0,1.0,0.0,1.0,0.0,1.0,3.507988428722874,3.507988428722874,44.00802502527015,0.3638796973371431,3.507988428722874,-2.894752618201771,40.915301493731306,47.15890798734406,0.0,0.0
89.0,724.0,355.0,1.0,1.0,0.0,5.0,0.046,5.0,4.484944657744567,5.638587124648456,55.35425607502855,0.41321341955256025,5.638587124648456,-0.050720692460128204,60.095273597075824,50.79697581605399,0.05264629222888678,0.04720483697625156
89.0,1105.0,967.0,1.0,1.0,0.0,1.0,0.0,1.0,6.718211564942059,6.718211564942059,68.31779324017836,0.4345131103948874,6.718211564942059,-2.6076651542277824,61.646030393296634,74.99784941201254,0.0,0.0
89.0,556.0,447.0,1.0,1.0,0.0,9.0,0.055,9.0,3.761853107244897,6.167217124092021,31.79153278105367,0.480718398696279,6.167217124092021,-1.6678460766615306,26.40246369796392,37.421680319391136,0.08846851802722898,0.063994173313816
89.0,558.0,499.0,1.0,1.0,0.0,9.0,0.069,9.0,3.545195688367655,6.577159911678677,62.7902666032999,0.40321738320927825,6.577159911678677,-0.5834908152629696,66.1322360836197,59.985669753824794,0.13153945699449926,0.08067220824968792
89.0,1106.0,603.0,1.0,1.0,0.0,1.0,0.0,1.0,2.925279650147744,2.925279650147744,46.79081536744945,0.3753561984553063,2.925279650147744,-3.047360051308617,44.38647954940175,49.25155592237838,0.0,0.0
89.0,1107.0,250.0,1.0,1.0,0.0,1.0,0.0,1.0,2.770893370874291,2.770893370874291,42.293908119255185,0.35053313939088093,2.770893370874291,-2.4802929986920033,39.54750972042586,45.04330697293808,0.0,0.0
89.0,725.0,355.0,1.0,1.0,0.0,5.0,0.058,5.0,4.574431871849664,6.118633801679704,50.60026897864332,0.43881757414746425,6.118633801679704,-0.17754069040751655,55.01609172124185,46.57122987789915,0.14246004602950219,0.06154566019972063
89.0,864.0,498.0,1.0,1.0,0.0,3.0,0.058,3.0,3.5623974520443844,4.235135222962788,57.623091493263324,0.37319689240436166,4.235135222962788,-0.5974504786567458,59.45611736749031,56.05072876224509,0.08667088964842586,0.0602316529236026
89.0,674.0,269.0,1.0,1.0,0.0,6.0,-0.014,6.0,3.4067645030180915,3.139667102681612,40.08275958613628,0.354310684406657,3.139667102681612,-2.259759811926651,36.945083048234835,43.220725233044774,0.048399219467753905,0.02913830244838862
89.0,863.0,287.0,1.0,1.0,0.0,3.0,0.038,3.0,4.406711470143031,4.944468208625481,45.03478534646861,0.4049512657760493,4.944468208625481,-2.9471961195152283,40.88744048802696,49.32926640925524,0.05712844145681538,0.03950795884546163
89.0,973.0,873.0,1.0,1.0,0.0,2.0,0.052,2.0,2.967744184367311,3.2922923974685308,66.30347347510296,0.41140986420813336,3.2922923974685308,-1.5288166200328697,64.95216529783434,67.7878734827331,0.10935855415395576,0.05467927707697788
89.0,398.0,271.0,1.0,1.0,0.0,12.0,0.06,12.0,3.281406557413652,6.740381033056635,54.96384409927978,0.44064529010633535,6.740381033056635,-0.3944556847148256,58.911570568080265,51.59787439888919,0.07397805091931542,0.06783543024985175
89.0,780.0,500.0,1.0,1.0,0.0,4.0,0.046,4.0,2.9843532827105412,3.586633844823047,60.617946043958256,0.3937479836341895,3.586633844823047,-0.7738134984318488,61.65427311926101,59.779170753580196,0.07731024622359955,0.04763507747934619
89.0,972.0,861.0,1.0,1.0,0.0,2.0,0.043,2.0,6.222559679932504,6.777563912619597,67.73951003807453,0.5051775717400133,6.777563912619597,-2.6494818802651037,60.96742618531506,74.51259041205215,0.08919227154654033,0.044596135773270165
89.0,676.0,288.0,1.0,1.0,0.0,6.0,0.072,6.0,3.2278096937647307,4.974181844951518,52.59526034611432,0.4435753375473703,4.974181844951518,-0.27742259689271914,55.82771137904871,49.65153002659655,0.10575976972408106,0.09046118325831229
89.0,1108.0,781.0,1.0,1.0,0.0,1.0,0.0,1.0,3.54979541225382,3.54979541225382,39.92058427078329,0.40862778335523464,3.54979541225382,-2.2690915792073767,36.37825627127983,43.46413075905494,0.0,0.0
89.0,1109.0,974.0,1.0,1.0,0.0,1.0,0.0,1.0,3.5391272283855555,3.5391272283855555,63.91242592780621,0.36112266008580923,3.5391272283855555,-0.6044438981013196,65.56939890271087,62.41234770916096,0.0,0.0
89.0,782.0,682.0,1.0,1.0,0.0,4.0,0.043,4.0,5.388564842596692,6.395098258347783,36.85314050478044,0.5097657818234806,6.395098258347783,-1.2540364147933702,32.68578681427681,41.59016511063249,0.06517658560640159,0.044110453387957244
89.0,779.0,561.0,1.0,1.0,0.0,4.0,0.073,4.0,3.659013595244652,4.9052456759919725,39.53952510325111,0.38686903732466604,4.9052456759919725,-2.2788832919774213,34.63937492622381,44.44079956285016,0.07591279989712936,0.07711121105538409
89.0,1110.0,250.0,1.0,1.0,0.0,1.0,0.0,1.0,2.9633391956185555,2.9633391956185555,45.22162136692197,0.3545179683879808,2.9633391956185555,-2.853622232877532,42.617763210853035,47.8673071666534,0.0,0.0
89.0,678.0,288.0,1.0,1.0,0.0,6.0,0.05,6.0,3.742516779465011,5.039514877629155,49.586138843131785,0.4957062944198907,5.039514877629155,-2.8243309445527465,44.913809361475344,54.32415190120713,0.061716404354490204,0.06143669081656801
89.0,680.0,297.0,1.0,1.0,0.0,6.0,0.046,6.0,2.974446687960922,3.919052539232376,58.69719467278126,0.3964978196412331,3.919052539232376,-0.5910033387791689,60.368440182590334,57.24587933153181,0.05745115113157493,0.05697455224418958
89.0,1111.0,975.0,1.0,1.0,0.0,1.0,0.0,1.0,2.997059972036499,2.997059972036499,67.66359582057852,0.3559932705487451,2.997059972036499,-1.552684172374473,66.35462279838674,69.07787756566502,0.0,0.0
89.0,866.0,783.0,1.0,1.0,0.0,3.0,0.04,3.0,5.861150713890529,6.609399413837555,38.26503766102942,0.4187866367148621,6.609399413837555,-1.1833326823064614,34.41618334397853,42.79393484662197,0.08981945879388169,0.04151450859838403
89.0,677.0,565.0,1.0,1.0,0.0,6.0,0.042,6.0,3.405423444483059,4.38204894045813,41.419604952476305,0.31421548984326814,4.38204894045813,-2.2695335587327436,37.03758924676535,45.801627017600936,0.20802228665437045,0.0553146600847045
89.0,1112.0,396.0,1.0,1.0,0.0,1.0,0.0,1.0,3.29401767112973,3.29401767112973,43.78470387726557,0.380632676493023,3.29401767112973,-1.9184869770028425,40.769315553623365,46.83764086036127,0.0,0.0
89.0,1113.0,974.0,1.0,1.0,0.0,1.0,0.0,1.0,3.195459245394733,3.195459245394733,65.33715352052442,0.4305686196112306,3.195459245394733,-1.1059023383183182,65.26181156418603,65.56832414564052,0.0,0.0
89.0,1114.0,785.0,1.0,1.0,0.0,1.0,0.0,1.0,3.171038342541817,3.171038342541817,37.813589561896336,0.4619639978506868,3.171038342541817,-1.1749190902473041,36.087473028525146,39.718262422547156,0.0,0.0
89.0,683.0,297.0,1.0,1.0,0.0,6.0,0.031,6.0,2.985757996611063,3.604962850015586,55.996691174992876,0.422477814246749,3.604962850015586,-0.09799146847458748,58.759581650651924,53.334434689376856,0.020541694985628953,0.03893068492802014
89.0,976.0,856.0,1.0,1.0,0.0,2.0,0.031,3.0,7.2796416420706915,7.746442956030151,71.35542204782922,0.5497564626902638,7.746442956030151,-0.8885445455898474,73.41549549685664,70.0954512728233,0.0641242161237319,0.03206210806186595
89.0,504.0,274.0,1.0,1.0,0.0,10.0,0.074,10.0,3.6346709279705487,7.635815191132147,50.09485807640929,0.43286132178881215,7.635815191132147,-2.374590994191211,42.46162107169244,57.72877700611221,0.10866112556388773,0.08619385650000784
89.0,867.0,399.0,1.0,1.0,0.0,3.0,0.032,3.0,3.2488769575267153,3.5758612966409236,49.35789433563793,0.3895019958823986,3.5758612966409236,-2.4410755344502877,45.78260227444024,52.93326329919634,0.021506567173075725,0.03299305806889853
89.0,562.0,253.0,1.0,1.0,0.0,9.0,0.07,9.0,2.7244758938191334,5.127764995183991,61.64507405625361,0.45705315787109524,5.127764995183991,-0.12583829680442438,65.69250482365746,57.769482155264235,0.014346693012478994,0.08295391212582716
89.0,1115.0,502.0,1.0,1.0,0.0,1.0,0.0,1.0,3.206149946584971,3.206149946584971,45.64158837226474,0.3558167215658318,3.206149946584971,-1.8673792647696277,42.78994964371302,48.53749254684446,0.0,0.0
89.0,1116.0,681.0,1.0,1.0,0.0,1.0,0.0,1.0,2.8895811314888804,2.8895811314888804,39.1346593906199,0.4672510673918634,2.8895811314888804,-1.2292198768692226,37.45182353496679,40.95245295920978,0.0,0.0
89.0,563.0,273.0,1.0,1.0,0.0,9.0,0.053,9.0,3.362355222741959,5.396182834384219,53.252537171491674,0.4086696944582282,5.396182834384219,-2.591357416610201,47.91508801519736,58.600745296133404,0.03823461637550916,0.061304523883307475
89.0,448.0,301.0,1.0,1.0,0.0,11.0,0.069,11.0,3.4318236644555804,7.322171481697926,38.76750105493256,0.5358401736449294,7.322171481697926,-1.7365515450931603,31.68474254222242,45.92541514821892,0.08828342202896869,0.07896834164679165
89.0,604.0,244.0,1.0,1.0,0.0,8.0,0.049,8.0,3.0735405690418056,4.540817101670437,48.479365750073626,0.31898784865326785,4.540817101670437,-1.953105356323633,44.32985121907648,52.69345441186232,0.12307110676249708,0.062128363554230334
89.0,1117.0,679.0,1.0,1.0,0.0,1.0,0.0,1.0,2.833871832942043,2.833871832942043,43.50774557544726,0.4197648854152146,2.833871832942043,-1.9072352181192962,40.89271015149995,46.14862691036646,0.0,0.0
89.0,1118.0,564.0,1.0,1.0,0.0,1.0,0.0,1.0,2.541098273325517,2.541098273325517,58.76095972466072,0.38944503915895284,2.541098273325517,-0.03626499132525133,60.81207524304872,56.749507848346816,0.0,0.0
89.0,868.0,402.0,1.0,1.0,0.0,3.0,0.063,3.0,2.7475829736388477,3.3198268132196063,53.86206997745387,0.39791003524717394,3.3198268132196063,-2.5661300407585204,50.55645541645825,57.169331641846995,0.12189195672912047,0.06629556159498651
89.0,1119.0,564.0,1.0,1.0,0.0,1.0,0.0,1.0,2.6398621586402897,2.6398621586402897,56.64031230829151,0.3738092864613685,2.6398621586402897,-0.048717287930841145,58.70675330222015,54.62329922210031,0.0,0.0
89.0,871.0,792.0,1.0,1.0,0.0,3.0,0.031,3.0,3.0754611985894753,3.3782846333193017,47.15431207261243,0.3573588413733229,3.3782846333193017,-1.9105965910229574,44.10221051932495,50.248173454556834,0.058741691812396565,0.03208682687428955
89.0,728.0,332.0,1.0,1.0,0.0,5.0,0.096,5.0,2.817071160794071,4.559880231975693,64.0422141400926,0.40609161859077786,4.559880231975693,-0.8380812159960803,64.99344883563838,63.40541781141525,0.005290272830915245,0.11646363319778368
89.0,1120.0,785.0,1.0,1.0,0.0,1.0,0.0,1.0,3.0085845895345837,3.0085845895345837,39.639564789163586,0.4254904508277321,3.0085845895345837,-1.097891932582726,38.02585515409835,41.409270648164004,0.0,0.0
89.0,451.0,301.0,1.0,1.0,0.0,11.0,0.06,11.0,2.9344629063551237,5.705778140017765,41.15255326325254,0.5115798588210924,5.705778140017765,-0.31992858383679257,42.927829162465294,40.11706085861823,0.09415480449233828,0.0695332300800464
89.0,784.0,403.0,1.0,1.0,0.0,4.0,0.046,4.0,3.202018656478009,3.855283440989392,61.67519731038136,0.3858509557735002,3.855283440989392,-0.12654373938698146,64.63906225584695,58.81477686818525,0.07977091556272047,0.04794498077106328
89.0,1121.0,781.0,1.0,1.0,0.0,1.0,0.0,1.0,3.3836058236031636,3.3836058236031636,43.35736482879333,0.3337694578398882,3.3836058236031636,-2.2430417752343583,39.97517918545654,46.73975605011064,0.0,0.0
89.0,870.0,399.0,1.0,1.0,0.0,3.0,0.021,3.0,2.7459988114958573,2.9228889044616437,52.83044175318558,0.38304967278312974,2.9228889044616437,-2.7151258174436714,50.034738741641085,55.639218450880854,0.01831335361478664,0.021196086885851412
89.0,1122.0,679.0,1.0,1.0,0.0,1.0,0.0,1.0,2.5990967549992248,2.5990967549992248,46.00435539699892,0.3631806918273546,2.5990967549992248,-1.8666535064332197,43.61928223143826,48.41146823310151,0.0,0.0
89.0,788.0,403.0,1.0,1.0,0.0,4.0,0.034,4.0,3.14452885352625,3.60228502419867,58.671971038800585,0.38024115991014484,3.60228502419867,-0.025729829438746896,61.55591164332554,55.87148671465562,0.060436118318966246,0.03507360765325878
89.0,684.0,185.0,1.0,1.0,0.0,6.0,0.046,6.0,3.1415471466761598,4.13216492136711,44.5268958775457,0.4252335736820405,4.13216492136711,-2.177605091679063,40.40369661427685,48.65161648656515,0.03264146567764564,0.05679231691445104
89.0,569.0,251.0,1.0,1.0,0.0,9.0,-0.017,9.0,3.872813585116026,3.3220992076186047,65.18401316277965,0.39398992918105846,3.3220992076186047,-0.737719371166786,66.12779036975034,64.39797489918249,0.00010238425456070661,-0.0003804766936136572
89.0,865.0,726.0,1.0,1.0,0.0,3.0,0.029,3.0,2.914499608663293,3.1799632639128963,67.60747703942066,0.38779574159557845,3.1799632639128963,-1.3424898761201625,66.72364671022977,68.62740856013505,-0.5061043624723942,0.23434465648395295
89.0,978.0,873.0,1.0,1.0,0.0,2.0,-0.006,2.0,2.95952212739287,2.9234333570898476,68.96462190788101,0.4383880912765126,2.9234333570898476,-1.202669439592124,68.53917483524242,69.51052141859336,-0.01219412079030942,-0.00609706039515471
89.0,977.0,869.0,1.0,1.0,0.0,2.0,0.021,2.0,3.5618466272112643,3.7162291752626944,66.56900351088633,0.417013292364223,3.7162291752626944,-1.0908284585541015,66.40121082230317,66.94299348522583,0.04334340138960541,0.021671700694802704
89.0,1123.0,502.0,1.0,1.0,0.0,1.0,0.0,1.0,3.554539647775806,3.554539647775806,48.83372225740174,0.39261490619558564,3.554539647775806,-2.0101370484301873,45.43612411011734,52.25220559068624,0.0,0.0
89.0,789.0,257.0,1.0,1.0,0.0,4.0,0.048,4.0,4.247009471044152,5.155094244265266,61.07753906889833,0.4110668826051384,5.155094244265266,-0.20735101196543304,64.66065031381035,57.732848983531504,0.02632852163058747,0.05121759688631138
89.0,790.0,303.0,1.0,1.0,0.0,4.0,0.036,4.0,3.656488537788778,4.218603346328202,42.40060400079212,0.42590523231521216,4.218603346328202,-0.2911611387641316,43.71551334809754,41.47492688798362,0.0872409148282624,0.03732616319377754
89.0,875.0,402.0,1.0,1.0,0.0,3.0,0.043,3.0,3.1065906121815554,3.5315024618781456,57.38945005641523,0.43583882264667145,3.5315024618781456,-2.615203012185578,53.89517988414978,60.88801655569997,0.05946011497407392,0.04414608670168769
89.0,1124.0,975.0,1.0,1.0,0.0,1.0,0.0,1.0,7.253545306433241,7.253545306433241,69.9067322307201,0.4769981715158202,7.253545306433241,-1.5838970615118102,66.56051930841426,73.81617391042677,0.0,0.0
89.0,568.0,273.0,1.0,1.0,0.0,9.0,0.044,9.0,3.2716727913342663,4.855092807823753,55.49448476954025,0.4663214356474647,4.855092807823753,-0.006581919506490411,59.23302474300806,51.941007997658545,0.012097676577488893,0.05079686119855384
89.0,608.0,509.0,1.0,1.0,0.0,8.0,0.064,8.0,5.293582025415115,8.836511619756061,47.00213980082183,0.4163969434074055,8.836511619756061,-2.244076893023239,38.18197915246211,55.82747204490918,0.08829858834705648,0.07624320731520798
89.0,876.0,729.0,1.0,1.0,0.0,3.0,0.053,3.0,2.8126587779807037,3.2930991597556614,63.26693296023088,0.3849376961584905,3.2930991597556614,-0.24735295815161157,65.45748349888729,61.17529297464429,0.015278060763307543,0.056157693616490124
89.0,1125.0,396.0,1.0,1.0,0.0,1.0,0.0,1.0,3.6446687413418353,3.6446687413418353,47.0390898452237,0.40433203656226063,3.6446687413418353,-1.8024867350294556,43.83648789508022,50.30190350699234,0.0,0.0
89.0,979.0,607.0,1.0,1.0,0.0,2.0,-0.338,2.0,5.253092943969568,2.67436249925637,51.533469641978506,0.3892047162907604,2.67436249925637,-1.9825602746653659,49.05109952842594,54.034165592602164,-0.490897547829136,-0.245448773914568
89.0,981.0,869.0,1.0,1.0,0.0,2.0,0.03,2.0,3.233284732803539,3.4342944825408908,67.55025031417505,0.387453610860248,3.4342944825408908,-0.5187014293819614,69.17153264686098,66.06784742584911,0.062168898302704945,0.031084449151352472
89.0,980.0,884.0,1.0,1.0,0.0,2.0,0.019,2.0,3.5633667532640434,3.701711836390481,65.2626982112491,0.3599068719877081,3.701711836390481,-0.2836414272199212,67.65454781707687,62.99767500734737,0.03882426163394868,0.01941213081697434
89.0,791.0,303.0,1.0,1.0,0.0,4.0,0.075,4.0,3.093730702950364,4.170035397524054,41.47299830086054,0.4719335829957085,4.170035397524054,-0.4011023764453026,41.89587990732891,41.46724988892129,0.1011666795730036,0.07848762392676786
89.0,1126.0,877.0,1.0,1.0,0.0,1.0,0.0,1.0,2.9567636192628357,2.9567636192628357,60.01897318042002,0.36494101412493457,2.9567636192628357,-2.987865043357325,57.46577805534115,62.60769551707377,0.0,0.0
89.0,606.0,509.0,1.0,1.0,0.0,8.0,-0.034,8.0,4.163897056049664,3.181566223527021,46.84914743707048,0.34366438776181885,3.181566223527021,-2.3140161392618728,43.68540537080929,50.01515086469476,0.16354692246057853,0.0004956978401578374
89.0,793.0,505.0,1.0,1.0,0.0,4.0,0.062,4.0,2.8075142921592238,3.600650654878252,43.01363811423702,0.360270081449503,3.600650654878252,-0.259532642015284,44.039264823271495,42.27077775186778,0.15090927288876155,0.06574954846110567
89.0,882.0,506.0,1.0,1.0,0.0,3.0,0.047,3.0,3.363582252661678,3.876343241283743,55.05077695780511,0.45042787521140637,3.876343241283743,-2.9559618588904915,51.82029813104978,58.35995941374209,0.05475565394212989,0.04912451824673966
89.0,652.0,572.0,1.0,1.0,0.0,7.0,-0.076,7.0,3.9627469502407253,2.3327680646601627,58.05069699198721,0.4031714366991019,2.3327680646601627,-2.875022858197422,55.94796923858754,60.170384694433224,-0.6027963959475604,-0.03202409428393793
89.0,881.0,685.0,1.0,1.0,0.0,3.0,0.043,3.0,3.1105717089139597,3.5362666711498396,69.63921802343789,0.42114418189698805,3.5362666711498396,-0.3784598981296067,71.7633654004707,67.63335807254676,0.06861370769172162,0.04415755076922234
89.0,686.0,185.0,1.0,1.0,0.0,6.0,0.056,6.0,2.9458151447164105,4.110935000292955,49.03044311890448,0.41143101107991015,4.110935000292955,-2.2711694351300267,44.92188055232595,53.13937265030593,0.037688387873397844,0.06922388754163017
89.0,982.0,366.0,1.0,1.0,0.0,2.0,0.048,2.0,3.585523445065628,3.9442185785816872,50.75684910575299,0.3703964179774721,3.9442185785816872,-1.9650236558787726,47.063070743843255,54.48574634562346,0.100039823755634,0.050019911877817
89.0,1127.0,877.0,1.0,1.0,0.0,1.0,0.0,1.0,3.077508382860344,3.077508382860344,62.10484185834466,0.41397891052090746,3.077508382860344,-1.3598244036642597,60.833002364711334,63.500477978422936,0.0,0.0
89.0,887.0,506.0,1.0,1.0,0.0,3.0,0.048,3.0,3.1040801793585704,3.587911384894183,58.50985164317019,0.37407914261775493,3.587911384894183,-2.8563457838291013,55.283124684928204,61.77643417917513,0.10452724392309173,0.050336882369515945
89.0,983.0,883.0,1.0,1.0,0.0,2.0,0.002,2.0,3.915661313982241,3.933240453103398,71.70764123774855,0.5342593473194625,3.933240453103398,-0.17387557758679734,74.6572216896548,68.8564567362343,0.004489443215730725,0.0022447216078653625
89.0,984.0,884.0,1.0,1.0,0.0,2.0,-0.029,2.0,3.3659089487125025,3.1793921675384613,65.60214560679765,0.41655911863779377,3.1793921675384613,-0.18428216904273104,67.82860322112732,63.45691980085266,-0.05541349573504829,-0.027706747867524147
89.0,408.0,188.0,1.0,1.0,0.0,12.0,0.026,12.0,2.395598803530442,3.291998432239409,54.776511637744875,0.3758959703605745,3.291998432239409,-2.438606254140662,51.49597423740903,58.05834650673267,0.11484108773088378,0.042437926348993155
89.0,886.0,364.0,1.0,1.0,0.0,3.0,0.038,3.0,2.640744327332286,2.960694306878143,60.667706589951734,0.44322653023742076,2.960694306878143,-2.7327211711540547,57.82828287166812,63.51820500801988,0.07735058034715553,0.03933789948360315
89.0,888.0,410.0,1.0,1.0,0.0,3.0,0.044,3.0,3.2813452896546194,3.7484269310159255,63.632767928615536,0.47329174187552325,3.7484269310159255,-1.0499310395885564,63.21880129138269,64.26307556216932,0.07189195900146678,0.045873096771081166
89.0,730.0,411.0,1.0,1.0,0.0,5.0,0.063,5.0,3.06789968127984,4.201604347157523,45.65170510626369,0.39645162981571697,4.201604347157523,-2.1876442137338996,41.451922586177815,49.85179465483818,0.10389298888656873,0.06558041482135095
89.0,988.0,883.0,1.0,1.0,0.0,2.0,0.034,2.0,3.140985808667527,3.363012593309621,69.25440971444345,0.40475794039181423,3.363012593309621,-0.47002015001794106,70.90701454080451,67.72858721476226,0.07068697478015111,0.035343487390075555
89.0,794.0,450.0,1.0,1.0,0.0,4.0,0.058,4.0,3.0681749459342473,3.8719396472845027,50.68797564400825,0.40995541891391746,3.8719396472845027,-1.9690762525304342,46.99410234603444,54.406616580430864,0.06874320499494266,0.060508131672178535
89.0,986.0,883.0,1.0,1.0,0.0,2.0,0.003,2.0,3.4903854356489,3.5139634385354426,67.58541994918446,0.37970783547986753,3.5139634385354426,-0.43371641779945064,69.39939305397107,65.90901380881375,0.006755128716080967,0.0033775643580404835
89.0,508.0,405.0,1.0,1.0,0.0,10.0,0.044,10.0,4.247354875450305,6.605393559073799,44.08277856192177,0.5163932478453758,6.605393559073799,-0.29917714393231293,45.70600019810146,43.41436082116741,0.10731764867181208,0.050611631085857936
89.0,987.0,510.0,1.0,1.0,0.0,2.0,0.015,2.0,2.3928431901607694,2.465054420891707,57.079295410702386,0.38213666867311824,2.465054420891707,-1.846287179903844,54.95786935499809,59.22733753697982,0.030178003735416535,0.015089001867708268
89.0,407.0,184.0,1.0,1.0,0.0,12.0,0.058,12.0,2.848680784428445,5.721082583275631,46.43755370209323,0.46735122154418807,5.721082583275631,-1.9498016760991104,40.818113333612445,52.079131937881556,0.060300037432043686,0.0659318320799972
89.0,571.0,275.0,1.0,1.0,0.0,9.0,0.071,9.0,4.22737549592407,7.980311002978225,56.33559676372246,0.3949038212909188,7.980311002978225,-2.4357802958852637,48.42047457239754,64.2668444459644,0.10619737854433964,0.0834973792765979
89.0,795.0,505.0,1.0,1.0,0.0,4.0,0.043,4.0,3.3700611953235287,3.9982746511492873,42.98357511499426,0.5015880538348592,3.9982746511492873,-0.6362482742095753,42.174603450942,44.14125829040836,0.08714522834156851,0.04413340408867373
89.0,1128.0,162.0,1.0,1.0,0.0,1.0,0.0,1.0,3.5314613613329144,3.5314613613329144,52.85716229766383,0.35221092974584933,3.5314613613329144,-1.8363245217458324,49.676624216861356,56.0797169878118,0.0,0.0
89.0,990.0,732.0,1.0,1.0,0.0,2.0,0.015,2.0,2.8311120184361656,2.9178132881691816,58.251422024713136,0.3812503100425827,2.9178132881691816,-1.8902251000099084,55.69556438814373,60.839852991750725,0.03062445751648769,0.015312228758243845
89.0,991.0,455.0,1.0,1.0,0.0,2.0,0.03,2.0,3.2046383639322698,3.404684258267437,66.27090091206072,0.36470256815123997,3.404684258267437,-2.672206090330818,62.92624701444489,69.62137460483237,0.06242385929927507,0.031211929649637534
89.0,1129.0,653.0,1.0,1.0,0.0,1.0,0.0,1.0,3.111961806442632,3.111961806442632,62.052271352998154,0.37619467975376814,3.111961806442632,-2.2411924866683144,58.996800174055345,65.11309347530901,0.0,0.0
89.0,989.0,688.0,1.0,1.0,0.0,2.0,0.052,2.0,2.8433072251694775,3.1572710254335514,50.394200063102495,0.3046931538276542,3.1572710254335514,-2.258123169826547,47.23976070951062,53.548973181231595,0.11042204566738645,0.055211022833693224
89.0,889.0,453.0,1.0,1.0,0.0,3.0,0.042,3.0,3.024525032567929,3.435003736255171,61.176353235380255,0.3767359389993408,3.435003736255171,-2.3813491905563575,57.74275123210216,64.61010425501401,0.07196342327195482,0.043812279380351954
89.0,985.0,607.0,1.0,1.0,0.0,2.0,0.042,2.0,4.983622901908224,5.421071604114399,55.65450626858529,0.3775124710074263,5.421071604114399,-2.458804131443756,50.277353693389564,61.03942886580506,0.08777724776059524,0.04388862388029762
89.0,1130.0,365.0,1.0,1.0,0.0,1.0,0.0,1.0,3.8736552266512927,3.8736552266512927,46.98908085834777,0.5286804694445063,3.8736552266512927,-2.111822258874991,43.12167929949561,50.857434302627446,0.0,0.0
89.0,573.0,204.0,1.0,1.0,0.0,9.0,0.069,9.0,3.350038120968712,6.239365334999919,64.7731133966727,0.4071187621948136,6.239365334999919,-2.1789575352884625,58.76209582478101,70.82363935892374,0.09630989209710254,0.08126905428546988
89.0,731.0,411.0,1.0,1.0,0.0,5.0,0.067,5.0,2.745129877728937,3.838376971405523,49.77717748769978,0.4160458343838253,3.838376971405523,-1.9783211473531859,46.00920382954114,53.55515134704505,0.0816016650170656,0.0700206970066911
89.0,797.0,413.0,1.0,1.0,0.0,4.0,0.051,4.0,3.0101031527731044,3.690907532851329,60.18942763642769,0.3566139804729469,3.690907532851329,-1.7722592994687587,57.20586260690228,63.24768200206128,0.06145194419992847,0.053209448791959164
89.0,890.0,334.0,1.0,1.0,0.0,3.0,0.066,3.0,3.0222093589211187,3.679691433649568,67.15673793792897,0.41103227448588614,3.679691433649568,-2.6884399455707575,63.56625975630113,70.75638331356073,0.13424699862252445,0.06923018789073622
89.0,992.0,455.0,1.0,1.0,0.0,2.0,0.043,2.0,3.0829968276573974,3.3578690697172626,69.6003352848484,0.43011635878783105,3.3578690697172626,-2.685794463982446,66.30212204151677,72.90399526567231,0.0891574845598287,0.04457874227991435
89.0,1131.0,574.0,1.0,1.0,0.0,1.0,0.0,1.0,3.5350404324246028,3.5350404324246028,72.27249833196494,0.4568272737603686,3.5350404324246028,-2.309431101982912,68.83173052406022,75.72195140821887,0.0,0.0
89.0,995.0,897.0,1.0,1.0,0.0,2.0,-0.365,2.0,6.839646198414369,3.2951122061200917,76.18288205678168,0.55012536608619,3.2951122061200917,-1.565238562158853,74.43733008222198,78.0286002443155,-0.518233529844863,-0.2591167649224315
89.0,796.0,450.0,1.0,1.0,0.0,4.0,0.06,4.0,3.208959064662599,4.083785206347687,54.54359449699527,0.3566340841611459,4.083785206347687,-1.7621234354319637,50.93570083725361,58.214400149329684,0.07204902297096623,0.0631783712746633
89.0,994.0,510.0,1.0,1.0,0.0,2.0,-0.013,2.0,2.8553981701890483,2.7803598000199887,59.40840813218277,0.3917160267441224,2.7803598000199887,-1.7553790082905079,57.11631764479319,61.74062660464517,-0.02627947687032785,-0.013139738435163925
89.0,895.0,803.0,1.0,1.0,0.0,3.0,0.032,3.0,3.8490399610631365,4.2313476816671685,80.66654790864378,0.556172986532074,4.2313476816671685,-3.134334048155731,77.07407181786107,84.3183251898218,0.035085244500777095,0.03238266266551836
89.0,993.0,688.0,1.0,1.0,0.0,2.0,0.037,2.0,5.03791819843435,5.428994684378215,53.95869665831182,0.39968636148675224,5.428994684378215,-1.7685586518669867,49.11664296497972,58.90318531746943,0.07762660498644078,0.03881330249322039
89.0,892.0,410.0,1.0,1.0,0.0,3.0,0.055,3.0,3.4718140386266225,4.099753739787114,66.69792515167651,0.3901533406428185,4.099753739787114,-2.0631759532850404,62.9149841884991,70.51629006897622,0.09464373704202927,0.05780429642287511
89.0,1132.0,734.0,1.0,1.0,0.0,1.0,0.0,1.0,3.2743434966552263,3.2743434966552263,71.35052941321678,0.3822881378661167,3.2743434966552263,-2.2634026923817627,68.188210061109,74.5225251479234,0.0,0.0
89.0,610.0,245.0,1.0,1.0,0.0,8.0,-0.006,8.0,3.696879272104444,3.530083482446219,62.81669359063405,0.29451937451810495,3.530083482446219,-2.23055383664577,59.33359407642832,66.30476287627398,-0.4185514202310353,0.015521196042083114
89.0,798.0,456.0,1.0,1.0,0.0,4.0,0.046,4.0,3.9867863655692832,4.800038184620238,47.61457229225228,0.4307750074617194,4.800038184620238,-2.1489530518723075,42.824104265579855,52.406791698658736,0.05786812924747384,0.0478868097279473
89.0,1133.0,996.0,1.0,1.0,0.0,1.0,0.0,1.0,3.939252868064453,3.939252868064453,78.18390870386972,0.4706313082679072,3.939252868064453,-0.9354039514369655,78.51178301249821,78.0537155742478,0.0,0.0
89.0,799.0,654.0,1.0,1.0,0.0,4.0,0.02,4.0,4.198457258470076,4.541602273004473,53.32522486699648,0.39577011213002755,4.541602273004473,-1.9009785778981967,48.98980615030458,57.69237739943967,0.014134974599198026,0.02161448831734026
89.0,733.0,307.0,1.0,1.0,0.0,5.0,0.046,5.0,3.2274392456936156,4.052492474388253,49.827491894842915,0.41427617194013083,4.052492474388253,-1.8733206372360598,45.92451014373152,53.75260603570324,0.03809258861073823,0.047482639238437284
89.0,997.0,732.0,1.0,1.0,0.0,2.0,0.002,2.0,3.043816590100297,3.055286263658671,60.83578146581839,0.4133027076363402,3.055286263658671,-1.6695490065508314,58.495701176796786,63.2369125215196,0.003768188134488083,0.0018840940672440415
89.0,894.0,453.0,1.0,1.0,0.0,3.0,0.052,3.0,2.817108842724414,3.2899080164552474,64.80575622033848,0.3180593756473403,3.2899080164552474,-2.1398758164410556,61.63301954182267,67.98963134368842,0.13314957527014376,0.0545853672389654
89.0,893.0,334.0,1.0,1.0,0.0,3.0,0.062,3.0,3.771527219836191,4.545886742612254,71.27874516212944,0.4344817658469038,4.545886742612254,-2.851002460617373,67.04490489451392,75.54885786042354,0.1171345387822898,0.06535701322481414
89.0,1134.0,690.0,1.0,1.0,0.0,1.0,0.0,1.0,2.5655709561245406,2.5655709561245406,58.10247381593309,0.35695619800117695,2.5655709561245406,-1.7622790979247798,55.90265345631183,60.331190708187634,0.0,0.0
89.0,1135.0,653.0,1.0,1.0,0.0,1.0,0.0,1.0,3.214173437665094,3.214173437665094,65.37671170308302,0.3227220634378751,3.214173437665094,-2.119828571442386,62.31032019442536,68.45666282590057,0.0,0.0
89.0,416.0,258.0,1.0,1.0,0.0,12.0,0.068,12.0,3.1139607378541845,7.067223531245282,70.63066675700054,0.4081793127924291,7.067223531245282,-2.677997891823835,63.73724474348463,77.55538087371654,0.11692322558538983,0.07819239755536778
89.0,807.0,736.0,1.0,1.0,0.0,4.0,0.044,4.0,3.56334051855105,4.249878027996282,82.74033880157853,0.47607371990964514,4.249878027996282,-1.0960589979126363,82.44327112942904,83.25357230765023,0.09755552196241325,0.04701292976166656
89.0,801.0,456.0,1.0,1.0,0.0,4.0,0.052,4.0,3.596665726654639,4.423398781372431,51.98392885394059,0.48331684942548686,4.423398781372431,-1.6926920210355592,47.9429239965585,56.08267709731253,0.060175353806706036,0.053671811010512716
89.0,800.0,413.0,1.0,1.0,0.0,4.0,0.056,4.0,3.314936259138126,4.147318179214937,63.86650060762834,0.31203950227515775,4.147318179214937,-2.1758272579144,59.801190470371914,67.94172439829573,0.09775862710032449,0.05850038678360645
89.0,891.0,414.0,1.0,1.0,0.0,3.0,0.047,3.0,4.4558474288157175,5.13685058807914,53.072884348959406,0.4140418330340469,5.13685058807914,-1.8883881132072702,48.15605549337245,58.027845845626324,0.11473885727791547,0.04963751355641722
89.0,1136.0,734.0,1.0,1.0,0.0,1.0,0.0,1.0,2.8979879714008474,2.8979879714008474,74.5304588327964,0.3785566282103963,2.8979879714008474,-2.236311636381988,71.74359674042893,77.3254911589044,0.0,0.0
89.0,1137.0,162.0,1.0,1.0,0.0,1.0,0.0,1.0,3.578114805134273,3.578114805134273,55.961770413421675,0.30483639495431236,3.578114805134273,-1.6856278771382862,52.95530089673032,59.03203718035853,0.0,0.0
89.0,1138.0,574.0,1.0,1.0,0.0,1.0,0.0,1.0,3.273588337185386,3.273588337185386,75.48238522209382,0.4398867497658166,3.273588337185386,-2.16062800292983,72.42991484379377,78.55266484694603,0.0,0.0
89.0,1139.0,1003.0,1.0,1.0,0.0,1.0,0.0,1.0,3.1153278146829617,3.1153278146829617,53.22119407813057,0.3655663326981911,3.1153278146829617,-2.039418462366733,50.12290105115159,56.32136648916131,0.0,0.0
89.0,1140.0,365.0,1.0,1.0,0.0,1.0,0.0,1.0,3.3654518175488453,3.3654518175488453,50.58286400570321,0.4908987373248827,3.3654518175488453,-2.262839295475635,47.284816169616,53.88924710660781,0.0,0.0
89.0,1141.0,996.0,1.0,1.0,0.0,1.0,0.0,1.0,3.3982973713991744,3.3982973713991744,77.70059714513177,0.4333893033567682,3.3982973713991744,-1.3283291132061956,76.50757881287062,79.02185031787995,0.0,0.0
89.0,1142.0,691.0,1.0,1.0,0.0,1.0,0.0,1.0,3.2262254825639074,3.2262254825639074,80.51200299679826,0.3987906523634107,3.2262254825639074,-0.9275258921406224,80.74483230239633,80.40804916984051,0.0,0.0
89.0,998.0,366.0,1.0,1.0,0.0,2.0,0.051,2.0,7.10485579066237,7.862812007562082,56.19392632581732,0.3880370708809478,7.862812007562082,-1.7465542259623779,49.5100095457194,63.14999043498004,0.10668143579998686,0.05334071789999343
89.0,898.0,459.0,1.0,1.0,0.0,3.0,0.021,3.0,2.5089109695010654,2.6689791930445548,61.66920992553339,0.4146301469371452,2.6689791930445548,-2.4235782848912626,59.01556952555141,64.32411957516115,-0.006920893486703033,0.021430914631939888
89.0,454.0,205.0,1.0,1.0,0.0,11.0,-0.006,11.0,3.5201260520967335,3.302484118362275,69.9145864273385,0.40441414723906965,3.302484118362275,-0.03190432728928686,72.40171626513582,67.49743013758678,0.0803815201868939,0.016485892099014916
89.0,1143.0,580.0,1.0,1.0,0.0,1.0,0.0,1.0,3.0032042820959286,3.0032042820959286,79.17665606199847,0.3725404273366436,3.0032042820959286,-0.8287510173924981,79.6542126467061,78.81072648994757,0.0,0.0
89.0,999.0,515.0,1.0,1.0,0.0,2.0,0.046,2.0,2.835218752726539,3.1068157473789277,67.73472049683811,0.4250392991804052,3.1068157473789277,-0.19762580576542163,69.62428206969965,65.9374603395125,0.09579401744264089,0.047897008721320446
89.0,514.0,246.0,1.0,1.0,0.0,10.0,0.062,10.0,3.2227529883810475,5.963830123348834,61.46598387474059,0.4972479844614517,5.963830123348834,-2.2237419860685326,55.51961913980159,67.4154342671724,0.002933527124817568,0.0715552657054708
89.0,1000.0,737.0,1.0,1.0,0.0,2.0,0.032,2.0,4.2742065844861665,4.557552891145322,54.217722292226505,0.4490443830475939,4.557552891145322,-2.1209729228601386,49.660232350873706,58.775221996028236,0.06629214125671908,0.03314607062835954
89.0,896.0,415.0,1.0,1.0,0.0,3.0,0.054,3.0,2.83083128676018,3.327070679039452,63.57947851150681,0.3612017596762396,3.327070679039452,-2.1739647791626826,60.307066342893435,66.85728623950278,0.10129622621891815,0.056163829912575104
89.0,902.0,260.0,1.0,1.0,0.0,3.0,-0.033,3.0,3.5913753946864957,3.2482662871388284,73.1622029105193,0.385789388085431,3.2482662871388284,-2.688224544452155,70.0039164938455,76.32804211236541,0.11065032105882444,-0.02499840873187023
89.0,1144.0,690.0,1.0,1.0,0.0,1.0,0.0,1.0,2.4947833661333565,2.4947833661333565,60.50338872538884,0.37957637455210624,2.4947833661333565,-1.789104474591814,58.3048276647825,62.72411859547254,0.0,0.0
89.0,1208.0,512.0,1.0,1.0,0.0,9.0,0.068,9.0,5.043722746865076,9.303247716561875,58.95078817788941,0.4356101971085644,9.303247716561875,-1.8013943413215108,50.78403416908787,67.41271069503966,0.09592594586401153,0.07991366816204715
89.0,1002.0,515.0,1.0,1.0,0.0,2.0,0.059,2.0,3.2104333170831163,3.610646274755972,70.80368666248954,0.36029483710942284,3.610646274755972,-3.0563507278997615,67.91755389208788,73.75366768072051,0.12466010601848443,0.062330053009242214
89.0,1145.0,580.0,1.0,1.0,0.0,1.0,0.0,1.0,2.9388984825751723,2.9388984825751723,79.40876813393774,0.4005318371744207,2.9388984825751723,-1.1590159979680772,78.80526069500537,80.1156042757775,0.0,0.0
89.0,901.0,414.0,1.0,1.0,0.0,3.0,0.035,3.0,4.453221189925401,4.940345762786186,58.949471725522734,0.37968442197202296,4.940345762786186,-2.497202302901939,54.218403710316665,63.712315646610186,0.14461497172239038,0.03794594928176965
89.0,1146.0,612.0,1.0,1.0,0.0,1.0,0.0,1.0,2.914417481102955,2.914417481102955,69.36604995167247,0.4324797647889086,2.914417481102955,-2.828749391858281,66.73234315678923,72.02138437373085,0.0,0.0
89.0,417.0,170.0,1.0,1.0,0.0,12.0,0.064,12.0,3.283538357891478,7.064307767370101,69.18225970374398,0.5038315128680849,7.064307767370101,-2.6064416451556833,62.33127556490018,76.07227543822574,0.08920354934028872,0.08865505891561183
89.0,1007.0,458.0,1.0,1.0,0.0,2.0,0.019,2.0,3.752547224536455,3.899885611468861,76.43161295926937,0.3758468200508196,3.899885611468861,-2.511735633937714,72.5348172547995,80.3287085697824,0.03926356635008278,0.01963178317504139
89.0,1147.0,612.0,1.0,1.0,0.0,1.0,0.0,1.0,3.3436619842174546,3.3436619842174546,72.05571437269913,0.3745905682538579,3.3436619842174546,-3.003306996947398,69.29168005148206,74.86704998924722,0.0,0.0
89.0,1148.0,691.0,1.0,1.0,0.0,1.0,0.0,1.0,2.976624389058586,2.976624389058586,80.59774361200681,0.38214067666978263,2.976624389058586,-1.077837166955663,80.24340948798583,81.05990605684214,0.0,0.0
89.0,1149.0,805.0,1.0,1.0,0.0,1.0,0.0,1.0,3.979233219033792,3.979233219033792,53.53068443839676,0.5288915674037366,3.979233219033792,-1.1037246057392038,51.258697167062465,55.99359705934897,0.0,0.0
89.0,1150.0,516.0,1.0,1.0,0.0,1.0,0.0,1.0,2.828907755406776,2.828907755406776,74.34517611777743,0.39666672358392646,2.828907755406776,-2.6669104554319225,71.58817010551691,77.10739110544114,0.0,0.0
89.0,1005.0,458.0,1.0,1.0,0.0,2.0,0.055,2.0,5.672491641774751,6.330066606953501,76.04617929892106,0.44142846505363037,6.330066606953501,-2.479289008685058,69.71646924576166,82.37594414833133,0.11592347890582617,0.05796173945291309
89.0,1001.0,744.0,1.0,1.0,0.0,2.0,0.02,2.0,5.644369929790734,5.869986180149908,81.70153816452282,0.34255384499735736,5.869986180149908,-0.9859709858191172,81.79043286809843,82.03365921167568,0.039971910623430494,0.019985955311715247
89.0,1006.0,808.0,1.0,1.0,0.0,2.0,0.013,2.0,4.149126046856019,4.2561331041619495,84.0723071123734,0.4450242119504849,4.2561331041619495,-1.0640576741763488,83.74110370944233,84.6165618181191,0.02579026428638247,0.012895132143191235
89.0,1151.0,1003.0,1.0,1.0,0.0,1.0,0.0,1.0,3.0342187810079437,3.0342187810079437,56.56852206041071,0.4049464281128555,3.0342187810079437,-2.329944700131195,53.591578095431764,59.55124768350052,0.0,0.0
89.0,1152.0,1009.0,1.0,1.0,0.0,1.0,0.0,1.0,5.153329733980987,5.153329733980987,58.064009539549716,0.3849737161419381,5.153329733980987,-2.4959138860559804,53.20721055816726,62.96796619655871,0.0,0.0
89.0,518.0,371.0,1.0,1.0,0.0,10.0,-0.016,10.0,3.763556269149848,3.2172271192637703,64.78543322692222,0.3756562468114106,3.2172271192637703,-2.137943113240855,61.619601662988146,67.95609250367856,0.13825464463686704,0.003019815519853148
89.0,1153.0,1009.0,1.0,1.0,0.0,1.0,0.0,1.0,4.796955096826744,4.796955096826744,58.13628645423481,0.33169176173706827,4.796955096826744,-2.513266333836499,53.60607594908628,62.70618616309263,0.0,0.0
89.0,1004.0,809.0,1.0,1.0,0.0,2.0,0.039,2.0,2.800820043550534,3.028542954668979,66.84294354914236,0.3736691552652313,3.028542954668979,-2.03261448610991,63.962907274481175,69.7355636851122,0.08130579886516581,0.040652899432582906
89.0,1154.0,463.0,1.0,1.0,0.0,1.0,0.0,1.0,3.3830152114307253,3.3830152114307253,64.31322760778048,0.2704710830926834,3.3830152114307253,-1.473957284634254,61.97642412153486,66.73975522587365,0.0,0.0
89.0,1155.0,516.0,1.0,1.0,0.0,1.0,0.0,1.0,2.879873915528585,2.879873915528585,77.0803883569368,0.41505551234222926,2.879873915528585,-2.732639121564628,74.31349274421756,79.85527335252321,0.0,0.0
89.0,806.0,656.0,1.0,1.0,0.0,4.0,0.042,4.0,4.139012316915179,4.90568090780834,55.063791757284555,0.521613573236653,4.90568090780834,-0.6273672143713038,54.60479105042017,55.95078667952419,0.07338552631391704,0.04375169557809395
89.0,1010.0,809.0,1.0,1.0,0.0,2.0,0.023,2.0,3.682266689642999,3.857619618093016,69.32267194071503,0.3525800909381769,3.857619618093016,-2.616449877569725,65.60128603327084,73.05819200484484,0.04762092027262093,0.023810460136310465
89.0,1012.0,420.0,1.0,1.0,0.0,2.0,0.042,2.0,4.0947810485435845,4.456991217134165,63.3418191244931,0.4379672620153556,4.456991217134165,-1.4336527175458107,60.38828881265731,66.46319444398011,0.08845654121589974,0.04422827060794987
89.0,462.0,225.0,1.0,1.0,0.0,11.0,-0.011,11.0,3.037406422407919,2.694482648277001,72.43656645645208,0.43541403969338377,2.694482648277001,-2.9633449055138943,70.17109024089376,74.73052179590395,-0.033782588905294696,0.0033979368629752185
89.0,1011.0,657.0,1.0,1.0,0.0,2.0,0.0,2.0,2.6476555975710236,2.649660746964457,74.69572831972042,0.45758686598929527,2.649660746964457,-3.008485641234426,72.49774417988962,76.92218244045246,0.000757330143419239,0.0003786650717096195
89.0,1008.0,808.0,1.0,1.0,0.0,2.0,0.012,2.0,3.7853520854075957,3.8781097071038717,83.03030275748728,0.37072543996839175,3.8781097071038717,-1.151776918955389,82.31690571356474,83.91703555026692,0.02450435774623277,0.012252178873116385
89.0,903.0,308.0,1.0,1.0,0.0,3.0,0.04,3.0,3.2375886859726934,3.6479249179514968,56.69457089119115,0.42009287579139537,3.6479249179514968,-0.17859595343033835,58.02177153327689,55.57551149226464,0.056131994622809635,0.04099617336056214
89.0,1156.0,691.0,1.0,1.0,0.0,1.0,0.0,1.0,3.681784689489931,3.681784689489931,80.36468794737277,0.39966515735041186,3.681784689489931,-2.934335073244392,77.07436898100197,83.68762668959548,0.0,0.0
89.0,1157.0,1014.0,1.0,1.0,0.0,1.0,0.0,1.0,3.555008122677236,3.555008122677236,58.734309786324964,0.4182648386581892,3.555008122677236,-0.25549220820120827,59.90937273889131,57.754493467514436,0.0,0.0
89.0,810.0,579.0,1.0,1.0,0.0,4.0,-0.156,4.0,5.6618944524716746,3.0339613912918666,67.23405414441565,0.39274728330277686,3.0339613912918666,-2.021822058710186,64.33996373937144,70.13996708619486,-0.4578185613363989,-0.0639210538860773
89.0,1015.0,657.0,1.0,1.0,0.0,2.0,0.011,2.0,2.730067778736925,2.7931844337056595,77.54829085211408,0.4323810750561659,2.7931844337056595,-2.885541536343217,75.03784237073877,80.0774674866389,0.023119079848609267,0.011559539924304633
89.0,1158.0,805.0,1.0,1.0,0.0,1.0,0.0,1.0,3.85404189991482,3.85404189991482,55.71871155604518,0.5041902044676676,3.85404189991482,-0.9481489424730156,53.82754570192297,57.80529592149423,0.0,0.0
89.0,904.0,459.0,1.0,1.0,0.0,3.0,0.058,3.0,2.8651876393262916,3.4050118339637603,65.55973460626714,0.38329518145014646,3.4050118339637603,-1.5968000760320222,62.934300944143956,68.25408104384054,0.045566550102786325,0.06072761324370183
89.0,1159.0,1014.0,1.0,1.0,0.0,1.0,0.0,1.0,3.4988524306501714,3.4988524306501714,57.82192902998465,0.3779517581650821,3.4988524306501714,-0.16581425363851923,59.09239236509636,56.739087538747036,0.0,0.0
89.0,658.0,519.0,1.0,1.0,0.0,7.0,-0.049,7.0,4.029281583700907,2.8519289746950798,80.27043263237786,0.38952318586081547,2.8519289746950798,-3.005468109521131,77.84415303206197,82.72387531089531,-0.12953781785208246,-0.03719260566476288
89.0,1016.0,915.0,1.0,1.0,0.0,2.0,0.072,2.0,4.941463828808409,5.709996081261309,63.60191228647242,0.4121048984961803,5.709996081261309,-0.7620126286571272,63.071514945496986,64.63434540527392,0.1555272443708699,0.07776362218543495
89.0,1018.0,913.0,1.0,1.0,0.0,2.0,-0.059,2.0,3.9728335413160982,3.533580835919246,73.33603900253486,0.3961061944428001,3.533580835919246,-0.041897221344988626,75.82488226586753,70.9359489227987,-0.11056408501105713,-0.05528204250552857
89.0,621.0,582.0,1.0,1.0,0.0,8.0,0.009,8.0,3.4229321348592165,3.66444865101528,75.80039331042087,0.4078378141466409,3.66444865101528,-2.3428216752514714,72.14258990799951,79.45880908512952,0.16608624263319935,0.04131204300876995
89.0,914.0,418.0,1.0,1.0,0.0,3.0,0.007,3.0,4.127989167180581,4.211065103493231,60.08735816006766,0.4434433994721163,4.211065103493231,-0.3145386209725128,61.27254766066415,59.17873150968898,0.09569465811668963,0.008908353180249967
89.0,811.0,461.0,1.0,1.0,0.0,4.0,0.063,4.0,2.7079249581989036,3.48429961610874,70.32996831280389,0.3546357656753211,3.48429961610874,-2.505906775531356,66.90342792127007,73.76192043170413,0.024571273130215704,0.06754142417463503
89.0,905.0,308.0,1.0,1.0,0.0,3.0,0.027,3.0,3.8593048467660713,4.186256669844477,56.68325660459968,0.44601303531042114,4.186256669844477,-0.4968549789974526,56.6166435653036,57.05776301097676,0.037015922596420614,0.027671699937532795
89.0,1030.0,808.0,1.0,1.0,0.0,2.0,0.023,2.0,4.117416596200443,4.309371386118588,85.8258468514735,0.4119046806208826,4.309371386118588,-1.8944790434426109,82.2924208243755,89.4273493619041,0.04662020114634045,0.023310100573170223
89.0,907.0,616.0,1.0,1.0,0.0,3.0,0.01,3.0,3.8770913043896864,3.9956734424828273,70.93628611182604,0.3559767457627256,3.9956734424828273,-2.550743450161377,67.02870510044535,74.85316880235027,0.06441094272406094,0.01087741071697447
89.0,1013.0,915.0,1.0,1.0,0.0,2.0,0.062,2.0,4.2233541867389714,4.778877045617573,62.391711937809596,0.32407009005519594,4.778877045617573,-0.7893341237777665,61.77010721338652,63.3686091337203,0.131535939046482,0.065767969523241
89.0,912.0,372.0,1.0,1.0,0.0,3.0,0.01,3.0,2.840597092006596,2.929884060803163,76.92192487798549,0.43077149108509266,2.929884060803163,-2.5391833149608916,74.0141054961911,79.83135776552392,0.04603337564881171,0.010691671826788318
89.0,1017.0,918.0,1.0,1.0,0.0,2.0,0.01,2.0,6.402336903806823,6.533928590890567,67.94627559743432,0.44103746131786026,6.533928590890567,-1.78797875524984,62.23724267591131,73.79229502384673,0.020553696105167416,0.010276848052583708
89.0,1021.0,423.0,1.0,1.0,0.0,2.0,0.035,2.0,3.016443258304723,3.2383422662345196,79.68732591814633,0.3909751882452844,3.2383422662345196,-3.041486277576143,77.04044313084445,82.37647520645342,0.0735631301264743,0.03678156506323715
89.0,1022.0,744.0,1.0,1.0,0.0,2.0,0.001,2.0,3.1915268063878615,3.199395902510296,82.64824657837175,0.4231322618650982,3.199395902510296,-0.959000181045875,82.53457164463605,82.88535501931034,0.002465621190047445,0.0012328105950237226
89.0,1160.0,463.0,1.0,1.0,0.0,1.0,0.0,1.0,3.116731345053947,3.116731345053947,66.81435538483511,0.4249156665160985,3.116731345053947,-1.809386413304,63.990739175827485,69.66297078985212,0.0,0.0
89.0,911.0,660.0,1.0,1.0,0.0,3.0,0.072,3.0,2.7793696181186647,3.448152390131765,70.08723780505045,0.36459541030823855,3.448152390131765,-2.595746360679821,66.78638882685027,73.4016320224782,0.11931181942823348,0.07589759207817937
89.0,1019.0,420.0,1.0,1.0,0.0,2.0,0.037,2.0,4.1324251723366965,4.450902711594779,65.02883932933686,0.48248765164040863,4.450902711594779,-0.5644702910440766,65.45447001688265,64.9063426311065,0.07706795065281191,0.038533975326405956
89.0,1161.0,1024.0,1.0,1.0,0.0,1.0,0.0,1.0,4.174861674751109,4.174861674751109,74.53049361635225,0.3938278801716104,4.174861674751109,-0.017870571359424985,77.52822010191122,71.6507012193912,0.0,0.0
89.0,1020.0,623.0,1.0,1.0,0.0,2.0,0.03,2.0,4.178948285329463,4.436546676107822,58.856083098855976,0.5103378612241611,4.436546676107822,-0.1670533881019352,60.41856590268217,57.59374812044011,0.061641918777190614,0.030820959388595307
89.0,743.0,335.0,1.0,1.0,0.0,5.0,0.135,5.0,3.648952055137296,7.1593738577066635,61.64288351358482,0.41416595999310396,7.1593738577066635,-0.8357281963030812,60.295657899519384,63.77018960511038,0.06557981971991454,0.17305055648834536
89.0,814.0,746.0,1.0,1.0,0.0,4.0,0.027,5.0,3.4111744681532397,3.8002081625164106,85.27643984669365,0.3851368645204985,3.8002081625164106,-1.8865519418962307,82.14395395490095,88.46127050108167,0.09956545497854502,0.0290901709994903
89.0,1162.0,1031.0,1.0,1.0,0.0,1.0,0.0,1.0,3.6551978410458985,3.6551978410458985,68.26954096433977,0.40935719810799714,3.6551978410458985,-1.8614372771795444,64.96226038838219,71.61065643261297,0.0,0.0
89.0,1023.0,623.0,1.0,1.0,0.0,2.0,0.038,2.0,4.399934878693356,4.743473006729739,58.00112382536745,0.47073415537332447,4.743473006729739,-0.3037476387163292,58.738259742966015,57.64615030260236,0.07807800285862483,0.039039001429312416
89.0,1025.0,423.0,1.0,1.0,0.0,2.0,0.038,2.0,3.3377411337098155,3.6041356873136476,79.74333578041336,0.41848392200954915,3.6041356873136476,-3.084772894991473,76.93688020619122,82.61171378817187,0.0798128263793008,0.0399064131896504
89.0,920.0,695.0,1.0,1.0,0.0,3.0,-0.026,3.0,3.124517809210694,2.8931254397487542,81.83202411642822,0.3497585846734093,2.8931254397487542,-0.94104822618145,81.68870436279097,82.07713610459466,0.007000118986881572,-0.024497840082094588
89.0,1027.0,528.0,1.0,1.0,0.0,2.0,-0.089,2.0,3.7137087438830854,3.109930462986565,73.92087596922204,0.3532568649109436,3.109930462986565,-2.6245623655377264,70.94027167890394,76.911722105325,-0.1625809460397276,-0.0812904730198638
89.0,1163.0,1024.0,1.0,1.0,0.0,1.0,0.0,1.0,3.5061985855892974,3.5061985855892974,76.2939054350386,0.4298178401664477,3.5061985855892974,-3.0972719188411713,73.70833693085123,78.95054108106235,0.0,0.0
89.0,919.0,819.0,1.0,1.0,0.0,3.0,-0.127,3.0,6.896488643855013,4.708362953596305,61.40216171251628,0.46784964924692213,4.708362953596305,-1.0401975930739749,59.130426938096114,63.94044807056073,-0.3203108769934052,-0.10528444154692303
89.0,1028.0,527.0,1.0,1.0,0.0,2.0,-0.006,2.0,2.8874126437641228,2.8511737265847055,66.68105579111405,0.4864099087277751,2.8511737265847055,-0.14915887657362184,68.05206634657206,65.40566529006044,-0.012550654045822524,-0.006275327022911262
89.0,622.0,264.0,1.0,1.0,0.0,8.0,-0.022,8.0,3.945661803621813,3.317845358970535,68.75612813803241,0.39563260980338966,3.317845358970535,-1.9325667463050997,65.60717888434183,71.92026548586371,0.0242202701255013,-0.005742757803192058
89.0,1164.0,1024.0,1.0,1.0,0.0,1.0,0.0,1.0,3.4871787990985657,3.4871787990985657,79.12956349371342,0.43677663848910936,3.4871787990985657,-2.8590315111127715,76.02430689116844,82.26543156808,0.0,0.0
89.0,747.0,467.0,1.0,1.0,0.0,5.0,-0.132,5.0,6.048436310238285,3.1316682005164367,83.02311660382453,0.4216952897618272,3.1316682005164367,-0.8036396004188441,83.25584659599458,82.90810865195851,-0.0016310534424787723,-0.10489572101730293
89.0,1033.0,924.0,1.0,1.0,0.0,2.0,0.015,2.0,3.6179665306761226,3.7282106527705188,85.45373153845392,0.4316308356639391,3.7282106527705188,-1.1290699090112357,84.58847284407335,86.47120815012725,0.030471294070759086,0.015235647035379543
89.0,521.0,262.0,1.0,1.0,0.0,10.0,0.051,10.0,2.6202538920795515,4.37252068852392,72.52973214117458,0.41807376278743397,4.37252068852392,-2.5677227274215118,68.31965275752594,76.75797685175974,0.008547708612747517,0.07799088353400899
89.0,1165.0,1036.0,1.0,1.0,0.0,1.0,0.0,1.0,3.9007050494490243,3.9007050494490243,73.94847773867808,0.40063135860672167,3.9007050494490243,-2.595444074478422,70.19721259672524,77.71445852060792,0.0,0.0
89.0,1166.0,1036.0,1.0,1.0,0.0,1.0,0.0,1.0,3.175148577613868,3.175148577613868,76.93231979579659,0.4148400882483681,3.175148577613868,-0.0008596539396105673,79.20535360152005,74.72508786320331,0.0,0.0
89.0,1167.0,1039.0,1.0,1.0,0.0,1.0,0.0,1.0,2.9601936686639676,2.9601936686639676,81.53310306967224,0.4714182814682522,2.9601936686639676,-0.7297893046006847,81.89712020322945,81.27534058907028,0.0,0.0
89.0,1168.0,1034.0,1.0,1.0,0.0,1.0,0.0,1.0,3.9422513240126986,3.9422513240126986,59.58026506145628,0.47457703285896674,3.9422513240126986,-3.0154455931515995,57.66809827545378,61.68540428563909,0.0,0.0
89.0,1169.0,1031.0,1.0,1.0,0.0,1.0,0.0,1.0,3.6170568630438127,3.6170568630438127,71.64135058606809,0.47170634038624826,3.6170568630438127,-2.2384706643961167,68.02743000359096,75.25557252057385,0.0,0.0
89.0,1032.0,921.0,1.0,1.0,0.0,2.0,0.033,2.0,2.9760957753404886,3.1767956780814544,79.55052402820883,0.4346491570287861,3.1767956780814544,-2.6225275679667894,76.47139323474994,82.63704874099786,0.06743731314157861,0.033718656570789304
89.0,1035.0,631.0,1.0,1.0,0.0,2.0,0.058,2.0,3.5200868773954133,3.9565929068159105,66.46097454421685,0.43248285315548196,3.9565929068159105,-3.0014320196645894,63.87137717923288,69.18004558268794,0.12400433416105834,0.06200216708052917
89.0,812.0,106.0,1.0,1.0,0.0,4.0,0.062,4.0,4.0009905922616555,5.126262373124411,63.57186792456191,0.3663297425513612,5.126262373124411,-0.7050536292343539,62.94943382981893,64.59636750760338,0.11576394783042754,0.06474119297322677
89.0,1037.0,527.0,1.0,1.0,0.0,2.0,0.029,2.0,3.1690437651085994,3.3562130269389736,69.37316531637849,0.3893346296586828,3.3562130269389736,-2.6367392102178027,66.31745698404407,72.45547158745855,0.05906174723464575,0.029530873617322876
89.0,1170.0,1034.0,1.0,1.0,0.0,1.0,0.0,1.0,3.4915823804345023,3.4915823804345023,61.872680701539885,0.4494299312139617,3.4915823804345023,-2.6533620475189337,59.09092402604348,64.7232742309634,0.0,0.0
89.0,816.0,748.0,1.0,1.0,0.0,4.0,-0.03,4.0,6.719180088207845,5.950638951878187,84.20359727205016,0.3704810372802291,5.950638951878187,-1.0658881208785427,83.26293281290161,85.54879201001427,0.09887472388000283,0.1004217912973979
89.0,1224.0,1046.0,1.0,1.0,0.0,1.0,0.0,1.0,8.05982843477116,8.05982843477116,61.66327302609102,0.45988859327433435,8.05982843477116,-2.84306591219448,56.72396413633914,67.20886877515265,0.0,0.0
89.0,1038.0,818.0,1.0,1.0,0.0,2.0,-0.453,2.0,6.919950834128735,2.795884367841915,77.25897270663216,0.40623344602946765,2.795884367841915,-2.954273514454588,74.99791525173944,79.55403430409963,-0.5959675964671887,-0.29798379823359433
89.0,923.0,692.0,1.0,1.0,0.0,3.0,0.057,3.0,4.723200763021537,5.606642741642823,64.8186210688185,0.4248728266310467,5.606642741642823,-0.6561194979111555,64.40393902771615,65.7107966616234,0.11174866121951885,0.059824923225413745
89.0,1171.0,700.0,1.0,1.0,0.0,1.0,0.0,1.0,3.7447599848801008,3.7447599848801008,66.7871060221468,0.3582914391458257,3.7447599848801008,-2.979999294412985,64.3361615485062,69.3537297736768,0.0,0.0
89.0,1040.0,631.0,1.0,1.0,0.0,2.0,0.051,2.0,4.006719398072943,4.434861433048929,69.78435300441565,0.392622003741465,4.434861433048929,-2.676564890768177,65.86738091420482,73.75998896321454,0.10685600673256618,0.05342800336628309
89.0,922.0,529.0,1.0,1.0,0.0,3.0,0.063,2.0,6.186755525354046,7.480147228929467,76.19166081677153,0.40367954154533603,7.480147228929467,-2.869772003032497,69.97050845736425,82.62185853263503,0.1096266707535596,0.06641157458988411
89.0,1173.0,1039.0,1.0,1.0,0.0,1.0,0.0,1.0,2.532184364907682,2.532184364907682,79.37353663744916,0.49582906024641843,2.532184364907682,-0.06721100449801777,81.06250678863385,77.7303708027398,0.0,0.0
89.0,820.0,702.0,1.0,1.0,0.0,4.0,-0.041,4.0,4.7557707256777455,4.036653458345232,74.25808291194355,0.356339264080351,4.036653458345232,-2.8837066606942865,70.98956464708478,77.59894721590672,0.22410193188565822,-0.014150839937492186
89.0,1026.0,815.0,1.0,1.0,0.0,2.0,0.257,2.0,4.260248131504244,7.12949808738507,62.68200301177911,0.4281439583184765,7.12949808738507,-1.070101162712667,59.19605184483002,66.74993584324723,0.6734936246231572,0.3367468123115786
89.0,1045.0,293.0,1.0,1.0,0.0,2.0,0.031,2.0,3.317011367350972,3.5259254894278422,71.57116139549619,0.4381652615774526,3.5259254894278422,-0.9261736314397748,70.77212739837279,72.5329757532587,0.06298263675946134,0.03149131837973067
89.0,1175.0,700.0,1.0,1.0,0.0,1.0,0.0,1.0,3.43268730381714,3.43268730381714,69.27887474045538,0.37498102646339626,3.43268730381714,-2.766651393776516,66.44790820501305,72.16208942399844,0.0,0.0
89.0,1043.0,818.0,1.0,1.0,0.0,2.0,-0.026,2.0,6.115571745323094,5.802020037386818,82.35147274963168,0.4084777973071084,5.802020037386818,-0.22042311318977414,85.73156625429401,79.25247976360573,-0.05127103744242163,-0.025635518721210816
89.0,1176.0,701.0,1.0,1.0,0.0,1.0,0.0,1.0,3.35860910359509,3.35860910359509,67.06580987193465,0.34588757826208005,3.35860910359509,-2.9572560448660496,64.85791030002932,69.36611340771393,0.0,0.0
89.0,1177.0,821.0,1.0,1.0,0.0,1.0,0.0,1.0,6.639541266001371,6.639541266001371,84.47569047806405,0.45714912684159775,6.639541266001371,-0.17231747607248774,88.65839225179799,80.62345231546192,0.0,0.0
89.0,1178.0,1042.0,1.0,1.0,0.0,1.0,0.0,2.0,4.5514361952062945,4.5514361952062945,87.47604130217259,0.5226803979824861,4.5514361952062945,-0.5580748318790334,88.89026628375103,86.27900849384348,0.0,0.0
89.0,1179.0,701.0,1.0,1.0,0.0,1.0,0.0,1.0,3.6187836497724892,3.6187836497724892,69.47709718166004,0.40702547147515616,3.6187836497724892,-2.9551666337891214,66.99799604550863,72.05271529701986,0.0,0.0
89.0,1180.0,821.0,1.0,1.0,0.0,1.0,0.0,1.0,3.8135778166884164,3.8135778166884164,81.135817535236,0.4290636486246045,3.8135778166884164,-3.0245824445484604,78.20389556677713,84.1384528258674,0.0,0.0
89.0,1219.0,822.0,1.0,1.0,0.0,3.0,0.059,3.0,6.163493049731358,7.358204733401153,67.46436627216637,0.43837511453068984,7.358204733401153,-2.978166330588095,63.01954729089792,72.38580279348716,0.12807333939113033,0.06212349232463954
89.0,929.0,628.0,1.0,1.0,0.0,3.0,0.059,3.0,5.681662156578299,6.790185180474241,73.56682142800395,0.44186079040169834,6.790185180474241,-0.9516255849013281,71.81469242532471,75.8881915153202,0.09106392776057942,0.062140583959848374
89.0,1048.0,824.0,1.0,1.0,0.0,2.0,0.346,2.0,2.3651347868017605,4.726415820161746,77.97792523010924,0.36705909319008245,4.726415820161746,-2.8808059060481486,74.0559479118332,81.98480492307714,0.9983705988076111,0.49918529940380557
89.0,1054.0,293.0,1.0,1.0,0.0,2.0,0.053,2.0,3.8033026303030035,4.226319072509289,72.8469110057312,0.3847994548981307,4.226319072509289,-0.937639642470567,71.6501776864324,74.26520362499399,0.11122345059682637,0.055611725298413184
89.0,750.0,583.0,1.0,1.0,0.0,5.0,0.059,5.0,3.739345407589907,5.013423717384343,74.73705703942407,0.43246466351930773,5.013423717384343,-0.7741170154714019,74.3426314050122,75.46321872506373,0.09456964017989161,0.0608917701827004
89.0,1181.0,1053.0,1.0,1.0,0.0,1.0,0.0,1.0,3.329205216281715,3.329205216281715,65.8196511579194,0.5373646341727709,3.329205216281715,-2.9213170160436657,63.76200260351245,67.97813763140547,0.0,0.0
89.0,1182.0,1046.0,1.0,1.0,0.0,1.0,0.0,1.0,4.19059893334094,4.19059893334094,63.642063591719044,0.4768895279360574,4.19059893334094,-2.6148393410343673,60.30359064845853,67.07625295265235,0.0,0.0
89.0,1183.0,1051.0,1.0,1.0,0.0,1.0,0.0,1.0,2.7514531499893944,2.7514531499893944,81.27850700068471,0.3784884453710508,2.7514531499893944,-0.009773255690483694,83.17306308271385,79.43408567380116,0.0,0.0
89.0,534.0,139.0,1.0,1.0,0.0,10.0,0.059,10.0,4.198250886250571,7.551163966067074,72.71226311641114,0.4334998006316089,7.551163966067074,-1.075691750231141,69.48317086415072,76.55243651359834,0.0784912285203081,0.06765782372399722
89.0,1184.0,1051.0,1.0,1.0,0.0,1.0,0.0,1.0,2.536498731089652,2.536498731089652,79.40634654736357,0.38598386856855293,2.536498731089652,-3.09195904292816,77.64564640356454,81.20810914064101,0.0,0.0
89.0,823.0,347.0,1.0,1.0,0.0,4.0,0.056,4.0,3.7498509163452343,4.693466659901282,78.85185923982931,0.41233754259469674,4.693466659901282,-1.461432325825285,75.6766108629215,82.17261854190158,0.11738753549306934,0.05855334814767259
89.0,1225.0,1052.0,1.0,1.0,0.0,1.0,0.0,1.0,2.702510642270393,2.702510642270393,83.69512450654086,0.4209064614036566,2.702510642270393,-0.152467429002481,85.31958197464179,82.12748499464904,0.0,0.0
89.0,1056.0,932.0,1.0,1.0,0.0,2.0,0.137,2.0,2.7473948016780394,3.6169160199363297,86.15192505658173,0.46577519187563854,3.6169160199363297,-0.26215185372443867,88.07569355754379,84.33946140009394,0.3164893584741475,0.15824467923707375
89.0,1050.0,928.0,1.0,1.0,0.0,2.0,0.033,2.0,3.496857071302714,3.736612905641366,67.97305472857767,0.505693867447046,3.736612905641366,-0.013182769017924296,69.82097479458999,66.28445043156707,0.06856323534245391,0.034281617671226956
89.0,1185.0,754.0,1.0,1.0,0.0,1.0,0.0,1.0,3.972402699699248,3.972402699699248,76.17719384888912,0.5143673608699529,3.972402699699248,-1.0675088271029376,74.75623483764797,77.77528556487623,0.0,0.0
89.0,535.0,208.0,1.0,1.0,0.0,10.0,0.06,10.0,3.7501763546002556,6.865492336957861,71.77501128436275,0.4059446528693496,6.865492336957861,-1.123642487498926,68.23881032236226,75.76964580613479,0.10983863079083675,0.07014696572455467
89.0,1186.0,1053.0,1.0,1.0,0.0,1.0,0.0,1.0,4.837086778801355,4.837086778801355,67.2030226944094,0.4746047508239351,4.837086778801355,-2.8062460129312194,63.85897245498581,70.72000404790205,0.0,0.0
89.0,427.0,146.0,1.0,1.0,0.0,12.0,0.057,12.0,4.047665855121811,8.017020320392456,71.83031919143824,0.5265292692266316,8.017020320392456,-1.2079145507326188,66.9455293783199,77.2400856821086,0.06470852485038006,0.06448103842138063
89.0,1057.0,346.0,1.0,1.0,0.0,2.0,0.035,2.0,4.363624434830613,4.682479278326833,77.67043976111701,0.43396182817956686,4.682479278326833,-1.3855760222882936,74.75073724001383,80.7562563014714,0.07307110138789882,0.03653555069394941
89.0,1187.0,1055.0,1.0,1.0,0.0,1.0,0.0,1.0,2.854379635828969,2.854379635828969,81.9194846175194,0.3431052661228347,2.854379635828969,-0.04336519705442068,83.78795615055921,80.10915859202888,0.0,0.0
89.0,1188.0,1055.0,1.0,1.0,0.0,1.0,0.0,1.0,2.90324879686516,2.90324879686516,84.39770340118787,0.39351751946309127,2.90324879686516,-2.9284886506013006,81.99745465566278,86.82868083723997,0.0,0.0
89.0,1189.0,1055.0,1.0,1.0,0.0,1.0,0.0,1.0,2.902295987464991,2.902295987464991,87.04327306691088,0.4923935822875729,2.902295987464991,-2.9637308078716584,84.66938176611636,89.44833820559765,0.0,0.0
89.0,1190.0,934.0,1.0,1.0,0.0,1.0,0.0,1.0,4.808478801932039,4.808478801932039,81.52283303227817,0.38427653067362294,4.808478801932039,-3.139175314949479,78.44248897268568,84.76416384159495,0.0,0.0
89.0,632.0,140.0,1.0,1.0,0.0,8.0,0.057,8.0,3.413824519765825,5.365194830522703,76.40997268027256,0.39880209080835394,5.365194830522703,-1.1536344624664543,73.7197679597737,79.37212541626975,0.0829938630029481,0.06908187999653329
89.0,1191.0,1052.0,1.0,1.0,0.0,1.0,0.0,1.0,6.0360122232146045,6.0360122232146045,85.18554469252692,0.4442396428741654,6.0360122232146045,-2.8747486610460946,80.08990696762372,90.39705602595679,0.0,0.0
89.0,933.0,310.0,1.0,1.0,0.0,3.0,0.051,3.0,3.2389899371461204,3.7736909774763374,75.76783480084515,0.4085806936959611,3.7736909774763374,-1.2623168430220169,73.44791902858971,78.20111417603349,0.05371436677816584,0.05313517208998456
89.0,703.0,428.0,1.0,1.0,0.0,6.0,0.068,6.0,4.516907565467631,6.787127299064922,72.47814976618074,0.386321115790752,6.787127299064922,-1.1482722185654204,68.92793606880451,76.46721003345206,0.09417959058137855,0.08511096140217805
89.0,1192.0,754.0,1.0,1.0,0.0,1.0,0.0,1.0,4.007726085314714,4.007726085314714,78.3668572894187,0.5202938471066956,4.007726085314714,-1.349202515270859,75.80072868876844,81.04999635929526,0.0,0.0
89.0,584.0,309.0,1.0,1.0,0.0,9.0,0.059,9.0,4.8480383826376094,8.227777668729619,77.38996185558388,0.48634350397278464,8.227777668729619,-1.0652463380661372,74.14524683427133,81.3405643860093,0.07232731021199375,0.06857101874899665
89.0,1193.0,934.0,1.0,1.0,0.0,1.0,0.0,1.0,5.154458177506699,5.154458177506699,81.77161948382387,0.5092296536029214,5.154458177506699,-0.24844945989093922,84.10308801535024,79.705727338154,0.0,0.0
89.0,1058.0,346.0,1.0,1.0,0.0,2.0,0.043,2.0,4.021879066389698,4.385134451009325,79.96514088615005,0.5403166075876522,4.385134451009325,-1.0444147285308638,78.35657307925334,81.77746497334178,0.09031981783224234,0.04515990891612117
89.0,1194.0,536.0,1.0,1.0,0.0,1.0,0.0,1.0,3.958022772867283,3.958022772867283,74.92178479942008,0.3809916188687121,3.958022772867283,-1.2310968961360396,72.55273663866902,77.42079804446757,0.0,0.0
89.0,429.0,209.0,1.0,1.0,0.0,12.0,0.057,12.0,3.5182000566887695,6.937269365021064,75.08947585983047,0.5274299330760062,6.937269365021064,-0.5037367749272759,75.38663226440816,75.43186235354885,0.102619355521313,0.06383098985967506
89.0,1195.0,536.0,1.0,1.0,0.0,1.0,0.0,1.0,3.7954645548430275,3.7954645548430275,77.16054679253247,0.5726599586089252,3.7954645548430275,-1.1175642671484818,75.1147781235809,79.33524546167699,0.0,0.0
89.0,935.0,310.0,1.0,1.0,0.0,3.0,0.031,3.0,3.6965278797521264,4.061964593564119,79.02703684068535,0.5674310056236216,4.061964593564119,-1.7778620610546454,75.20720459922701,82.86990160925028,0.06731549615210475,0.032289991911804344
